location,subject,year,creator,type,attribution,image,img_src,has_img,on_view
"Acton, MA",Mercy Davies,1818,Rufus Porter,portrait,Bowdoin,https://docs.google.com/drawings/d/e/2PACX-1vSwo7oq2MvLhuvhg8DwhAxUZjMP36GiC4tmjpXm6S4RjYwfymcofM-lYUb7gXKjFmLo79N4SEuR2BYz/pub?w=960&h=720,"<em>Rufus Porter's Curious World</em>, published by the Pennsylvania State University Press and Bowdoin College Museum of Art <br> Private collection.",yes,no
"Andover, MA",Hannah Trow Flagg,1830,Rufus Porter,portrait,Bowdoin,https://www.themagazineantiques.com/wp-content/uploads/2020/01/4a-HannahFlaggInFrame.jpg,"""Revisiting Rufus Porter"" by Suzanne Rudnick Payne and Michael R. Payne <br> Private collection.",yes,no
"Andover, MA",Timothy Flagg,1830,Rufus Porter,portrait,Bowdoin,https://www.themagazineantiques.com/wp-content/uploads/2020/01/4b-TimothyFlagg_porter-copy-2.jpg,"""Revisiting Rufus Porter"" by Suzanne Rudnick Payne and Michael R. Payne <br> Private collection.",yes,no
"Andover, MA",Martha Swan Flagg,1830,Rufus Porter,portrait,Bowdoin,https://docs.google.com/drawings/d/e/2PACX-1vQazSv7S425vh1XdH2EFNr6clw1wcnz9mhT8Iv5trelALU60I6_JIQuOjZPjlcAzG_fw3yUlQFVxxYu/pub?w=960&h=720,"<em>Rufus Porter's Curious World</em>, published by the Pennsylvania State University Press and Bowdoin College Museum of Art <br> Private collection.",yes,no
"Andover, MA",John Flagg,1830,Rufus Porter,portrait,Bowdoin,https://docs.google.com/drawings/d/e/2PACX-1vQuzSnS00-_BkocZRR8wnHOrbkq0zNxFcnsP1RhAi0nuy7kafCpYmj4tE_L9NVDeSiqEy8WRz6o3a8b/pub?w=960&h=720,"<em>Rufus Porter's Curious World</em>, published by the Pennsylvania State University Press and Bowdoin College Museum of Art <br> Private collection.",yes,no
"Bedford, MA","Reuben Bacon, Jr.",1830,Rufus Porter,portrait,Bowdoin,https://docs.google.com/drawings/d/e/2PACX-1vTZn_g7SZRzbEY17mZ5AKtXZ6U4ixDBX8CmzjGuQFMYUkadxk4oHmH4XQtjSHDqBz6itHuLRaDacDxO/pub?w=960&h=720,"<em>Rufus Porter's Curious World</em>, published by the Pennsylvania State University Press and Bowdoin College Museum of Art <br> Private collection.",yes,no
"Boston, MA",Volunteer Infantry or Light Infantry Company Member,1825,Rufus Porter,portrait,Bowdoin,https://docs.google.com/drawings/d/e/2PACX-1vSZsGUQ3AsPKmuG2OtU6eG-TElheg3fQPmVhlQRiV5ASMWHOjFOfhr3DVKcqdzFxwzokXPXEAW1dWD1/pub?w=960&h=720,"<em>Rufus Porter's Curious World</em>, published by the Pennsylvania State University Press and Bowdoin College Museum of Art <br> Collection of Tracy Goodnow.",yes,no
"Cambridge, MA",Sarah Warland Porter,1819,Rufus Porter,portrait,Bowdoin,https://docs.google.com/drawings/d/e/2PACX-1vSPtvte192Yx0k6MjjhsJbhmBLjXHz1TP5fcx63rlmkv1jmXVCLDObmjDOPjWLRNTBKadG4qnh8aDC3/pub?w=960&h=720,"<em>Rufus Porter's Curious World</em>, published by the Pennsylvania State University Press and Bowdoin College Museum of Art <br> Private collection.",yes,no
"Cambridge, MA",Israel Porter,1819,Rufus Porter,portrait,Bowdoin,https://docs.google.com/drawings/d/e/2PACX-1vTd6HmfvDsCasm4tcdWzvoxV5v_w2FqoGSuIH9z5HV8WP90qyG1NUVo5r6hCCBAb3XcgweMELOXaB_k/pub?w=960&h=720,"<em>Rufus Porter's Curious World</em>, published by the Pennsylvania State University Press and Bowdoin College Museum of Art <br> Private collection.",yes,no
"Chelmsford, MA",Jonathan Smith and Pamelia Moors,1825,Rufus Porter,portrait,Bowdoin,https://www.themagazineantiques.com/wp-content/uploads/2020/01/3-MrNMrsSmith_r-porter.jpg,"""Revisiting Rufus Porter"" by Suzanne Rudnick Payne and Michael R. Payne <br> Private collection.",yes,no
"Haverhill, MA",Eliza Greenleaf Plummer,1821,Rufus Porter,portrait,Bowdoin,https://docs.google.com/drawings/d/e/2PACX-1vRhp3GcPSF1qZ4M_SGOUGuvZvOteIb3pOdctMVFLFYZb5My7QCVpEDZ0J7z2KNaCPQ8fKzTKM1orWvR/pub?w=960&h=720,"<em>Rufus Porter's Curious World</em>, published by the Pennsylvania State University Press and Bowdoin College Museum of Art <br> Private collection.",yes,no
"Lawrence, MA",Joseph Nichols Gage,1838,Rufus Porter,portrait,Bowdoin,https://docs.google.com/drawings/d/e/2PACX-1vQxxwbRJWF_wvdY7N3gnvI6usiRa2SxyG9XMR-3HqHyTGwfTaQZ49dtf43Ua4pJoJ1iIbd_qRnpsmlL/pub?w=960&h=720,"<em>Rufus Porter's Curious World</em>, published by the Pennsylvania State University Press and Bowdoin College Museum of Art <br> Private collection.",yes,no
"Lawrence, MA",Jane Noyes Gage,1838,Rufus Porter,portrait,Bowdoin,https://docs.google.com/drawings/d/e/2PACX-1vRzMbTkxT62pw_A2TLboTiSQ8q7WpSmjH4NoUG8hiFYzmV_iaNyXp9TagNe7RXeg3ESXS06i8MCPrqm/pub?w=960&h=720,"<em>Rufus Porter's Curious World</em>, published by the Pennsylvania State University Press and Bowdoin College Museum of Art <br> Private collection.",yes,no
"Lexington, MA",Lot Robbins,1820,Rufus Porter,portrait,Bowdoin,https://docs.google.com/drawings/d/e/2PACX-1vSgLZH_0yauxK2rm2WoPjOUPOfS_Plh6IoGWoyOfs0vKRloWRcoC2nnR2jvanImwPbCVph0cd8QKS68/pub?w=960&h=720,"<em>Rufus Porter's Curious World</em>, published by the Pennsylvania State University Press and Bowdoin College Museum of Art <br> Now in the collection of the <a href='https://www.lexingtonhistory.org/'>Lexington Historical Society</a>",yes,no
"Portland, ME",Thomas Long,1815,Rufus Porter,portrait,Bowdoin,https://docs.google.com/drawings/d/e/2PACX-1vSfINhJjf3yJfcuGbm_WDFzibmeCfEKsQwno_lMMzUEiNx4EQGZco-SC9Ay3vesFt4zerDE4A1J2av4/pub?w=960&h=720,"<em>Rufus Porter's Curious World</em>, published by the Pennsylvania State University Press and Bowdoin College Museum of Art <br> In the collection of the <a href='https://www.bowdoin.edu/art-museum/'>Bowdoin College Museum of Art</a>, not currently on view.",yes,no
"Portland, ME",Child of the Lane Family,1815,Rufus Porter,portrait,Bowdoin,https://docs.google.com/drawings/d/e/2PACX-1vSVeHVFD1_58KSmdAEhkUdreSjeX9TrTjhABBu25H9Aylgt0zr7fiyXZdDH6PbrSIVR3vKi33WJWpcJ/pub?w=960&h=720,"<em>Rufus Porter's Curious World</em>, published by the Pennsylvania State University Press and Bowdoin College Museum of Art <br> Private collection.",yes,no
"Harvard, MA",Whitney House,1830,Porter School,mural,Fruitlands Museums,https://docs.google.com/drawings/d/e/2PACX-1vRIt-StjtpveEJ-7qVTEmcwf6KGpVXVmSIjc6E9kv5XwB7YqqCF_oHF-rIb-YVXM0uKAHH8fbffFjXZ/pub?w=960&h=720,<em>Rufus Porter: Rediscovered</em> by Jean Lipman <br> Now on view in the Prospect House Tea Room at the <a href='https://thetrustees.org/place/fruitlands-museum/'>Fruitlands Museum</a>,yes,no
"Buckfield, ME",Tobias Ricker House,1835,Porter School,mural,Lefko,https://docs.google.com/drawings/d/e/2PACX-1vSJcaaYu1qPqLXUloWig7-alVRkRuPhV4PGufLD8Ferg3aAmHjv4yGW4gFF0_Sx9LsWbv5cs01f1Riq/pub?w=960&h=720,<em>Folk Art Murals of the Rufus Porter School </em> by Linda Carter Lefko and Jane E. Radcliffe,yes,no
"Derry, NH",Adams Female Academy,1822,Porter School,mural,Lefko,https://docs.google.com/drawings/d/e/2PACX-1vRqump5_BJvQbgQ2ObhpNVRdpECMLzdgxj-OC98YvyFFrLbFeudu3xjeFUwo-_yAi35G1xdDNyezRQ4/pub?w=960&h=720,<em>Folk Art Murals of the Rufus Porter School </em> by Linda Carter Lefko and Jane E. Radcliffe <br> Now on view at the <a href='https://www.oldstonehousemuseum.org/'>Old Stone House Museum</a>,yes,yes
"Durham, ME",Litchfield House,1830,E.J. Gilbert,mural,Lefko,https://docs.google.com/drawings/d/e/2PACX-1vSAPe7IbBL9M0e90483IjZ_-XuacUjG96BGk8ontQhl5vO85TSnL0ZpHYPGAgUfmG8a7szRt3PU6Y1K/pub?w=960&h=720,<em>Folk Art Murals of the Rufus Porter School </em> by Linda Carter Lefko and Jane E. Radcliffe,yes,no
"East Bath, NH",Noyes-Ide House,1825,Porter School,mural,Lefko,https://docs.google.com/drawings/d/e/2PACX-1vSPaAdgC6psxh_g2ZU9UuaYfhxWrQXjuIaQ6s7EE6o3f0FdcpAZxVJ6EcrqtEUaW2MKFkgSkPOyaZbK/pub?w=960&h=720,<em>Folk Art Murals of the Rufus Porter School </em> by Linda Carter Lefko and Jane E. Radcliffe,yes,no
"Greene, ME",Hill House,1830,Porter School,mural,Lefko,https://media.vrbo.com/lodging/31000000/30480000/30470300/30470287/b12add9f.f10.jpg,Now a <a href='https://www.vrbo.com/7363416ha?preferlocale=true&vgdc=HAUS'>VRBO Property</a>,yes,yes
"Groveland, MA","Stephen Parker, Jr. House",1830,Porter School,mural,Lefko,https://docs.google.com/drawings/d/e/2PACX-1vQIdS_RBb3GvkGFRcZALraMynI-z-to1DFm3fxwQv4_8ja85HEgFhuEvA-_9Ek8Vrt1smr3dM9bDixa/pub?w=960&h=720,<em>Folk Art Murals of the Rufus Porter School </em> by Linda Carter Lefko and Jane E. Radcliffe,yes,no
"Hancock, NH",Elijah Wyman House,1825,Porter School,mural,Lefko,https://docs.google.com/drawings/d/e/2PACX-1vSxQUbdsFXoRVds2UEVI4Sfgui35K-6LbD1o6BQ-ZAqmhICc0Uq6_8HmXwVHyVf__JGqmomqCXnZm0t/pub?w=960&h=720,<em>Folk Art Murals of the Rufus Porter School </em> by Linda Carter Lefko and Jane E. Radcliffe,yes,no
"Lisbon, NH",Captain Thomas Dodge House,1810,Bears and Pears Artist,mural,Lefko,https://docs.google.com/drawings/d/e/2PACX-1vTXLZ20ysk-Yf5JL-ID76ts4TMkt_SUzAQlayDYKqA7m7gwOBq-0tFZd-BqnB8-Mw3LxlTlZLRygHof/pub?w=960&h=720,<em>Folk Art Murals of the Rufus Porter School </em> by Linda Carter Lefko and Jane E. Radcliffe,yes,no
"Littleton, NH",Littleton Inn,1810,Bears and Pears Artist,mural,Lefko,https://docs.google.com/drawings/d/e/2PACX-1vSNJsVso5EAJAgVUCdk3AebWWpZk_O-uXptYO4QTOjQn4r-e3e02E_1ddSNXbLmvyccy1rJG_ekKDr2/pub?w=960&h=720,<em>Folk Art Murals of the Rufus Porter School </em> by Linda Carter Lefko and Jane E. Radcliffe,yes,no
"Naples, ME",Perley House,1830,Porter School,mural,Lefko,https://docs.google.com/drawings/d/e/2PACX-1vSUiR_rIUjjPjQhD_MYHeQ6FnDPuOE032GbiDs76bZ1SV40T1ebC6Lx5d0VyJrp9icHt1LIgIKQGBKw/pub?w=960&h=720,<em>Folk Art Murals of the Rufus Porter School </em> by Linda Carter Lefko and Jane E. Radcliffe,yes,no
"North Leeds, ME",Barker House,1835,Porter School,mural,Lefko,https://docs.google.com/drawings/d/e/2PACX-1vRrbA5PGqz3UB3TmGcf4Pvz82a26LO9Wy5jtCgSn0JmDS51d-ADNBmTCTGXjCXec1FE89HcCfiVh8IB/pub?w=960&h=720,<em>Folk Art Murals of the Rufus Porter School </em> by Linda Carter Lefko and Jane E. Radcliffe,yes,no
"Ossipee, NH",Brewster House,1825,Porter School,mural,Lefko,https://docs.google.com/drawings/d/e/2PACX-1vS8berzdVsYkKJE_ev-ORrLtt1Zjd8YdEJ5pPdNM-481EguTB10_ywOCVhotBI8W3KsJYeugSedcZJE/pub?w=960&h=720,<em>Folk Art Murals of the Rufus Porter School </em> by Linda Carter Lefko and Jane E. Radcliffe,yes,no
"Pepperell, MA",Artemas Hemenway Tavern,1830,Porter School,mural,Lefko,https://docs.google.com/drawings/d/e/2PACX-1vQwsSsef__jRnH7wttRrk5R3ARzSfdgdcHx4rA4aYEsmvhN-TtTlDkXa7uYaNLplbQvenkQ3cws0lKp/pub?w=960&h=720,<em>Folk Art Murals of the Rufus Porter School </em> by Linda Carter Lefko and Jane E. Radcliffe,yes,no
"Sturbridge, MA",Roswell Warner House,1830,Porter School,mural,Lefko,https://docs.google.com/drawings/d/e/2PACX-1vSA-dtMWzKP0-pvWmqHOBG--IxgJJFk_QpzBK3ViT-uLJAjoAcJSdgJZGFsx06JUhMsi9w8QZLpUlAw/pub?w=960&h=720,<em>Folk Art Murals of the Rufus Porter School </em> by Linda Carter Lefko and Jane E. Radcliffe,yes,no
"Surry, NH",Haile House,1825,Porter School,mural,Lefko,https://docs.google.com/drawings/d/e/2PACX-1vTlvKDPXXiEKCf2JhX1dGXgFua7K8AXXO2Y0-ErchS7qu-x-tpF2unhS9lYq_17w1Q_E7QKchpmSViS/pub?w=960&h=720,<em>Folk Art Murals of the Rufus Porter School </em> by Linda Carter Lefko and Jane E. Radcliffe,yes,no
"Swansea, MA",Mason Barney House,1830,Porter School,mural,Lefko,https://docs.google.com/drawings/d/e/2PACX-1vTwCb-LJyJBet8pOdX9FF2me-qwD3J2DJynCAjuThl9WEqsMU3jZxKF9DCzbk0kS_aWxcx5HZnRouET/pub?w=960&h=720,<em>Folk Art Murals of the Rufus Porter School </em> by Linda Carter Lefko and Jane E. Radcliffe,yes,no
"Temple, NH",Birchwood Inn,1830,Porter School,mural,Lefko,https://docs.google.com/drawings/d/e/2PACX-1vTSGHpeBFlYPsll27Zcg6DBOB3fhxjXCon1muxTDFVPmjC1evqsR9jDS3D7xqgQ8w_tIJVqXs7kjuFJ/pub?w=960&h=813,Four mural walls are viewable at the <a href='https://www.thebirchwoodinn.com/'>Birchwood Inn</a>,no,yes
"Thornton, NH",Hackett House,1810,Bears and Pears Artist,mural,Lefko,https://docs.google.com/drawings/d/e/2PACX-1vSk0q1Vt0CHoudIptgqSSfTS6YcY6UZvyoVDWGLcCd_vRR9s83FMf4iaSpbXlzfC82pcgnBzUaDohzu/pub?w=960&h=720,<em>Folk Art Murals of the Rufus Porter School </em> by Linda Carter Lefko and Jane E. Radcliffe,yes,no
"Townsend, MA",Quincy Sylvester House,1830,Porter School,mural,Lefko,https://docs.google.com/drawings/d/e/2PACX-1vTGuQwC9VKSkOVj2sf2SBfIEes_sadMD9Yu7jwnEIoR-7b8AFbV394ctJi6dXCFofHUovxmJ-ckh9wO/pub?w=960&h=720,<em>Folk Art Murals of the Rufus Porter School </em> by Linda Carter Lefko and Jane E. Radcliffe,yes,no
"Westwood, MA",Timothy Smith House,1835,Porter School,mural,Lefko,https://docs.google.com/drawings/d/e/2PACX-1vQJ-4ClFiA319Lf4N_u0W0PriVszRGd9tsJeSRE3QJzGxd9DO1-Fz36kihHcSl-5h9D6sSantbflXzN/pub?w=960&h=720,"<em>Folk Art Murals of the Rufus Porter School </em> by Linda Carter Lefko and Jane E. Radcliffe <br> Now on view at the <a href=""https://www.westwoodlibrary.org/"">Westwood Public Library</a>",yes,no
"Winchester, MA",Edmund Parker House,1830,Porter School,mural,Lefko,https://docs.google.com/drawings/d/e/2PACX-1vQyO3gzvfzoVFjHlZvMd_KIGrCEhyKdfABjrN5uDReM_VEvyYkE3V5BWNhS-vGgdivNqkd39dx-hnKF/pub?w=960&h=720,<em>Folk Art Murals of the Rufus Porter School </em> by Linda Carter Lefko and Jane E. Radcliffe,yes,no
"Winthrop, ME",Captain Solomon Stanley House,1830,Porter School,mural,Lefko,https://docs.google.com/drawings/d/e/2PACX-1vR7ngCf3ldghqj56e4VEpYGEoBE0qz4TtSdGwR77n2jTII92axsI3crT4KU16ReHFwJXeJq1GLklmOp/pub?w=598&h=246,<em>Folk Art Murals of the Rufus Porter School </em> by Linda Carter Lefko and Jane E. Radcliffe,yes,no
"Amesbury, MA",Bartlett House,1830,Porter School,mural,Lipman,https://docs.google.com/drawings/d/e/2PACX-1vQJu-Znem26TndcKbzeQymjyAkgg8Fb5fcopjWB0GJ1AYdoeEmq4ZvrmjEDfbH_TIsFpsoleC26kTdJ/pub?w=960&h=720,<em>Folk Art Murals of the Rufus Porter School </em> by Linda Carter Lefko and Jane E. Radcliffe,yes,no
"Andover, MA",Poor-Perry House,1835,Porter School,mural,Lipman,https://docs.google.com/drawings/d/e/2PACX-1vTSGHpeBFlYPsll27Zcg6DBOB3fhxjXCon1muxTDFVPmjC1evqsR9jDS3D7xqgQ8w_tIJVqXs7kjuFJ/pub?w=960&h=811,Image Unavailable,no,no
"Bedford, MA",Job Lane House,1830,Porter School,mural,Lipman,https://joblanefarmmuseum.org/wp-content/uploads/2021/10/DSCN1317-768x576.jpg,Job Lane Farm Museum <br> Now on view at the <a href='https://joblanefarmmuseum.org/'>Job Lane Farm Museum</a>,yes,yes
"Bedford, MA",Carroll Dunham House,1830,Porter School,mural,Lipman,https://docs.google.com/drawings/d/e/2PACX-1vTSGHpeBFlYPsll27Zcg6DBOB3fhxjXCon1muxTDFVPmjC1evqsR9jDS3D7xqgQ8w_tIJVqXs7kjuFJ/pub?w=960&h=786,Image Unavailable,no,no
"Bedford, MA",Jonas Monroe House,1830,Porter School,mural,Lipman,https://docs.google.com/drawings/d/e/2PACX-1vTSGHpeBFlYPsll27Zcg6DBOB3fhxjXCon1muxTDFVPmjC1evqsR9jDS3D7xqgQ8w_tIJVqXs7kjuFJ/pub?w=960&h=785,Murals damaged by attempted restoration without a trained professional.,no,no
"Bedford, MA",Penniman-Stearns House,1830,Porter School,mural,Lipman,https://docs.google.com/drawings/d/e/2PACX-1vTSGHpeBFlYPsll27Zcg6DBOB3fhxjXCon1muxTDFVPmjC1evqsR9jDS3D7xqgQ8w_tIJVqXs7kjuFJ/pub?w=960&h=784,Wallpapered over.,no,no
"Bedford, MA",Dutton House,1830,Porter School,mural,Lipman,https://docs.google.com/drawings/d/e/2PACX-1vS1m6f-aZ2T4fXtLUi3nTw9l1C9cOApXSZSjQAJj38tfgKoIBZG6RZ0n8cClRPanDjL2mzrdfhk3-cp/pub?w=960&h=720,<em>Folk Art Murals of the Rufus Porter School </em> by Linda Carter Lefko and Jane E. Radcliffe,yes,no
"Billerica, MA",Dyer House,1830,Porter School,mural,Lipman,https://docs.google.com/drawings/d/e/2PACX-1vTSGHpeBFlYPsll27Zcg6DBOB3fhxjXCon1muxTDFVPmjC1evqsR9jDS3D7xqgQ8w_tIJVqXs7kjuFJ/pub?w=960&h=789,House burned down.,no,no
"Billerica, MA",Donald Schult House,1830,Porter School,mural,Lipman,https://docs.google.com/drawings/d/e/2PACX-1vTSGHpeBFlYPsll27Zcg6DBOB3fhxjXCon1muxTDFVPmjC1evqsR9jDS3D7xqgQ8w_tIJVqXs7kjuFJ/pub?w=960&h=787,Wallpapered over.,no,no
"Billerica, MA",Lyons House,1830,Porter School,mural,Lipman,https://docs.google.com/drawings/d/e/2PACX-1vTSGHpeBFlYPsll27Zcg6DBOB3fhxjXCon1muxTDFVPmjC1evqsR9jDS3D7xqgQ8w_tIJVqXs7kjuFJ/pub?w=960&h=788,Wallpapered over.,no,no
"Billerica, MA",Manning Manse,1830,Porter School,mural,Lipman,https://docs.google.com/drawings/d/e/2PACX-1vTSGHpeBFlYPsll27Zcg6DBOB3fhxjXCon1muxTDFVPmjC1evqsR9jDS3D7xqgQ8w_tIJVqXs7kjuFJ/pub?w=960&h=790,Wallpapered over.,no,no
"Boston, MA",Beacon Hill Boarding House,1843,Porter School,mural,Lipman,https://docs.google.com/drawings/d/e/2PACX-1vTSGHpeBFlYPsll27Zcg6DBOB3fhxjXCon1muxTDFVPmjC1evqsR9jDS3D7xqgQ8w_tIJVqXs7kjuFJ/pub?w=960&h=822,"Murals in poor condition, and now wallpapered over.",no,no
"Bridgton, ME",Deacon Libby House,1830,Porter School,mural,Lipman,https://docs.google.com/drawings/d/e/2PACX-1vRYkY_pNi4XSNROp4m0sze55aaS9yjKpk1o5-XZKccp1EU8ycvCP2ojk2vBgMXh8l7d8A_GVB5QW48W/pub?w=960&h=720,<em>Folk Art Murals of the Rufus Porter School </em> by Linda Carter Lefko and Jane E. Radcliffe,yes,no
"Bryant Pond, ME",Whitman Homestead,1835,Jonathan D. Poor,mural,Lipman,https://docs.google.com/drawings/d/e/2PACX-1vTSGHpeBFlYPsll27Zcg6DBOB3fhxjXCon1muxTDFVPmjC1evqsR9jDS3D7xqgQ8w_tIJVqXs7kjuFJ/pub?w=960&h=727,House burned down in the 1940s.,no,no
"Buxton, ME",Carroll Rounds House,1830,Porter School,mural,Lipman,https://docs.google.com/drawings/d/e/2PACX-1vTSGHpeBFlYPsll27Zcg6DBOB3fhxjXCon1muxTDFVPmjC1evqsR9jDS3D7xqgQ8w_tIJVqXs7kjuFJ/pub?w=960&h=800,Image Unavailable,no,no
"Buxton, ME",A.I. Poulsen House,1830,Porter School,mural,Lipman,https://docs.google.com/drawings/d/e/2PACX-1vTSGHpeBFlYPsll27Zcg6DBOB3fhxjXCon1muxTDFVPmjC1evqsR9jDS3D7xqgQ8w_tIJVqXs7kjuFJ/pub?w=960&h=801,Image Unavailable,no,no
"Charlestown, MA",Levi Prosser House,1835,Porter School,mural,Lipman,https://docs.google.com/drawings/d/e/2PACX-1vTSGHpeBFlYPsll27Zcg6DBOB3fhxjXCon1muxTDFVPmjC1evqsR9jDS3D7xqgQ8w_tIJVqXs7kjuFJ/pub?w=960&h=812,Wallpapered over.,no,no
"Dover, NH",Neighborhood House,1825,Porter School,mural,Lipman,https://docs.google.com/drawings/d/e/2PACX-1vTSGHpeBFlYPsll27Zcg6DBOB3fhxjXCon1muxTDFVPmjC1evqsR9jDS3D7xqgQ8w_tIJVqXs7kjuFJ/pub?w=960&h=770,Murals painted over.,no,no
"East Haverhill, MA",Ingalls-Colby House,1830,Porter School,mural,Lipman,http://s3.amazonaws.com/afanews_articles/01019/FIG-3_-%281.7-pg.png,"""Rediscovering the Murals of Jonathan D. Poor"" by Jane E. Radcliffe",yes,no
"East Jaffrey, NH",Prescott Tavern,1824,Porter School,mural,Lipman,https://upload.wikimedia.org/wikipedia/commons/c/cc/Rufus_Porter_-_Boston_Harbor_-_2007.385_-_Museum_of_Fine_Arts.jpg,Wikimedia Commons <br> Now on view at the <a href='https://www.mfa.org/visit'>Museum of Fine Arts</a> in Boston,yes,yes
"East Jaffrey, NH",Don Pierce House,1824,Porter School,mural,Lipman,https://docs.google.com/drawings/d/e/2PACX-1vTSGHpeBFlYPsll27Zcg6DBOB3fhxjXCon1muxTDFVPmjC1evqsR9jDS3D7xqgQ8w_tIJVqXs7kjuFJ/pub?w=960&h=768,Image Unavailable,no,no
"East Peperell, MA",Coburn Tavern,1824,Porter School,mural,Lipman,https://docs.google.com/drawings/d/e/2PACX-1vQVPuxZKbSv0DdDddKW_YDzT_1BXTzTU57Fyk6ZgzX4ORI3e2IdBYwUgmz7qR277jUhU--v9yN8BiRg/pub?w=960&h=720,<em>Rufus Porter: Rediscovered</em> by Jean Lipman,yes,no
"East Weymouth, MA",Senigo House,1845,Porter School,mural,Lipman,https://docs.google.com/drawings/d/e/2PACX-1vStAc6UsFxc227lT2G80IYrqqQWcX-afSUZenGljxhRFU2OuG6bgl7nwxKpWwm7WhO06IkZVJGKVjgY/pub?w=960&h=720,<em>Rufus Porter: Rediscovered</em> by Jean Lipman,yes,no
"Fryeburg, ME",Warren-Towle House,1830,Porter School,mural,Lipman,https://docs.google.com/drawings/d/e/2PACX-1vQ-V62GFhXIhooqhRVee_TgoQOK2E_m_9ib-1mHHxnwbMR8YYxe_a7HACxiXT5aUoYsNoMnKjwaZwSB/pub?w=960&h=720,<em>Folk Art Murals of the Rufus Porter School </em> by Linda Carter Lefko and Jane E. Radcliffe,yes,no
"Fryeburg, ME",Barrows Homestead,1830,Rufus Porter and Jonathan D. Poor,mural,Lipman,https://docs.google.com/drawings/d/e/2PACX-1vST3k-644MPFICUZhnAOEF9hDZ7305QXgeDCqxA_TP95e07sFnBNMaHjU7u0wkTHEyBD5O_b_0U5H4B/pub?w=960&h=720,<em>Folk Art Murals of the Rufus Porter School </em> by Linda Carter Lefko and Jane E. Radcliffe,yes,no
"Georgetown, MA",G. Arthur Merrill House,1832,Porter School,mural,Lipman,https://docs.google.com/drawings/d/e/2PACX-1vTSGHpeBFlYPsll27Zcg6DBOB3fhxjXCon1muxTDFVPmjC1evqsR9jDS3D7xqgQ8w_tIJVqXs7kjuFJ/pub?w=960&h=806,Image Unavailable,no,no
"Georgetown, MA",Ethel M. Fredrick House,1832,Porter School,mural,Lipman,https://docs.google.com/drawings/d/e/2PACX-1vTSGHpeBFlYPsll27Zcg6DBOB3fhxjXCon1muxTDFVPmjC1evqsR9jDS3D7xqgQ8w_tIJVqXs7kjuFJ/pub?w=960&h=809,Image Unavailable,no,no
"Georgetown, MA",Pierce House,1832,Porter School,mural,Lipman,https://docs.google.com/drawings/d/e/2PACX-1vTSGHpeBFlYPsll27Zcg6DBOB3fhxjXCon1muxTDFVPmjC1evqsR9jDS3D7xqgQ8w_tIJVqXs7kjuFJ/pub?w=960&h=808,Murals damaged by alterations to the house.,no,no
"Georgetown, MA",Pingree House,1832,Porter School,mural,Lipman,https://docs.google.com/drawings/d/e/2PACX-1vTSGHpeBFlYPsll27Zcg6DBOB3fhxjXCon1muxTDFVPmjC1evqsR9jDS3D7xqgQ8w_tIJVqXs7kjuFJ/pub?w=960&h=807,Wallpapered over.,no,no
"Georgetown, MA",John C. Wilkins House,1832,Porter School,mural,Lipman,https://docs.google.com/drawings/d/e/2PACX-1vTSGHpeBFlYPsll27Zcg6DBOB3fhxjXCon1muxTDFVPmjC1evqsR9jDS3D7xqgQ8w_tIJVqXs7kjuFJ/pub?w=960&h=810,Wallpapered over.,no,no
"Gorham, ME",Dr. Files House,1830,Porter School,mural,Lipman,https://docs.google.com/drawings/d/e/2PACX-1vTSGHpeBFlYPsll27Zcg6DBOB3fhxjXCon1muxTDFVPmjC1evqsR9jDS3D7xqgQ8w_tIJVqXs7kjuFJ/pub?w=960&h=802,Murals painted over.,no,no
"Gorham, ME",Fox House,1851,Granville Fernald,mural,Lipman,https://docs.google.com/drawings/d/e/2PACX-1vTSGHpeBFlYPsll27Zcg6DBOB3fhxjXCon1muxTDFVPmjC1evqsR9jDS3D7xqgQ8w_tIJVqXs7kjuFJ/pub?w=960&h=722,"Some murals wallpapered over, some remain in good condition.",no,no
"Greenfield, NH",James T. Garvin House,1825,Porter School,mural,Lipman,https://docs.google.com/drawings/d/e/2PACX-1vTSGHpeBFlYPsll27Zcg6DBOB3fhxjXCon1muxTDFVPmjC1evqsR9jDS3D7xqgQ8w_tIJVqXs7kjuFJ/pub?w=960&h=771,Wallpapered over.,no,no
"Greenfield, NH",Eliot Hutchinson House,1825,Porter School,mural,Lipman,https://docs.google.com/drawings/d/e/2PACX-1vTSGHpeBFlYPsll27Zcg6DBOB3fhxjXCon1muxTDFVPmjC1evqsR9jDS3D7xqgQ8w_tIJVqXs7kjuFJ/pub?w=960&h=772,Wallpapered over.,no,no
"Greenfield, NH",Squire Craigin House,1825,Porter School,mural,Lipman,https://docs.google.com/drawings/d/e/2PACX-1vTk2X5Jljk7etSCCl2IBCqgooaRojN6zSSLod43sJxlkF7Of2F3U7GIqsLLvNrDSfBT-QBcvF6ec4QN/pub?w=960&h=720,<em>Folk Art Murals of the Rufus Porter School </em> by Linda Carter Lefko and Jane E. Radcliffe,yes,no
"Groton, MA",Dr. Harold Ayers House,1835,Jonathan D. Poor,mural,Lipman,https://docs.google.com/drawings/d/e/2PACX-1vTSGHpeBFlYPsll27Zcg6DBOB3fhxjXCon1muxTDFVPmjC1evqsR9jDS3D7xqgQ8w_tIJVqXs7kjuFJ/pub?w=960&h=726,"Most murals painted over, but overmantel remains in fair condition.",no,no
"Groveland, MA",Spofford House,1830,Porter School,mural,Lipman,https://docs.google.com/drawings/d/e/2PACX-1vTSGHpeBFlYPsll27Zcg6DBOB3fhxjXCon1muxTDFVPmjC1evqsR9jDS3D7xqgQ8w_tIJVqXs7kjuFJ/pub?w=960&h=792,Wallpapered over.,no,no
"Groveland, MA",Edna Worthing Cottage,1830,Porter School,mural,Lipman,https://docs.google.com/drawings/d/e/2PACX-1vTSGHpeBFlYPsll27Zcg6DBOB3fhxjXCon1muxTDFVPmjC1evqsR9jDS3D7xqgQ8w_tIJVqXs7kjuFJ/pub?w=960&h=793,Wallpapered over.,no,no
"Groveland, MA",Savery Homestead,1830,Porter School,mural,Lipman,https://docs.google.com/drawings/d/e/2PACX-1vSENp1y4L9MtaUwLpdL2QRYbTb-0utJuJjlIX1OeY0YiTfabCTN0YkeaMpEsSjgITMsEeGzyiJWhndy/pub?w=960&h=720,<em>Folk Art Murals of the Rufus Porter School </em> by Linda Carter Lefko and Jane E. Radcliffe,yes,no
"Hancock, NH",Miss Mary and Dr. Fredrika Moore House,1824,Porter School,mural,Lipman,https://docs.google.com/drawings/d/e/2PACX-1vTSGHpeBFlYPsll27Zcg6DBOB3fhxjXCon1muxTDFVPmjC1evqsR9jDS3D7xqgQ8w_tIJVqXs7kjuFJ/pub?w=960&h=769,Image Unavailable,no,no
"Hancock, NH",Cynthia Porter Weston House,1825,Porter School,mural,Lipman,https://docs.google.com/drawings/d/e/2PACX-1vTSGHpeBFlYPsll27Zcg6DBOB3fhxjXCon1muxTDFVPmjC1evqsR9jDS3D7xqgQ8w_tIJVqXs7kjuFJ/pub?w=960&h=773,Image Unavailable,no,no
"Hancock, NH",John Hancock Inn,1825,Porter School,mural,Lipman,https://www.ledgertranscript.com/getattachment/8fdc6a21-ab1a-404d-bd3c-dab1eb234b96/rerufus-ml-011620-ph1,"""Muralist Rufus Porter left his mark on many homes and inns in the Monadnock Region"" by Abbe Hamilton",yes,no
"Hancock, NH",Josiah Stone House,1825,Porter School,mural,Lipman,https://docs.google.com/drawings/d/e/2PACX-1vS8cFtj8Kbeo2EF2UY0tFhCkkQu_hxOHd1CtSp5AbZ6Z_-tqn3yRzvQAFZSjcPyr4pHOGTCbozxwT59/pub?w=960&h=720,<em>Rufus Porter: Rediscovered</em> by Jean Lipman,yes,no
"Harvard, MA",Harvard Inn,1830,Porter School,mural,Lipman,https://docs.google.com/drawings/d/e/2PACX-1vSG5S0QyIcm14uJtE2h1PmKAL3kPKzaegRFzaesFvXMHadjmD-7FXul34ADkD5-rzqzQsLcNyAg3aga/pub?w=960&h=720,<em>Folk Art Murals of the Rufus Porter School </em> by Linda Carter Lefko and Jane E. Radcliffe,yes,no
"Harvard, MA",William A. Potter House,1830,Porter School,mural,Lipman,https://docs.google.com/drawings/d/e/2PACX-1vSQtXJCslXi8J2Vm38lPXoClxevLVtR3t9p4B3f5qswvytUOVFRsyIdX_vKdrNnsP-VL5yH9h0uQnzp/pub?w=960&h=720,<em>Folk Art Murals of the Rufus Porter School </em> by Linda Carter Lefko and Jane E. Radcliffe,yes,no
"Haverhill, NH",Grace D. Wilson-Lavery House,1825,Porter School,mural,Lipman,https://docs.google.com/drawings/d/e/2PACX-1vTSGHpeBFlYPsll27Zcg6DBOB3fhxjXCon1muxTDFVPmjC1evqsR9jDS3D7xqgQ8w_tIJVqXs7kjuFJ/pub?w=960&h=774,Murals damaged by attempted restoration without a trained professional.,no,no
"Hollis Center, ME",Quillcote,1830,Porter School,mural,Lipman,https://docs.google.com/drawings/d/e/2PACX-1vSOTbZt8SM3ibcBoj9vOy2c8shZxnU43X-u-erj1VBC-krrKdO5mxb9WEhF7ivqnRlOmx4qO5U_rQf1/pub?w=960&h=720,<em>Rufus Porter: Rediscovered</em> by Jean Lipman,yes,no
"Langdon, NH",Bidwell Tavern,1824,Porter School,mural,Lipman,https://docs.google.com/drawings/d/e/2PACX-1vTFCJCPFX_85YA9yz9wlz9GLScvXw98cBo8aM_8mO37Yo9VYKfR8aMU8y16yS_LsahPmkBNfDrMRQW2/pub?w=960&h=720,<em>Rufus Porter: Rediscovered</em> by Jean Lipman,yes,no
"Lewiston, ME",H.O. Wood House,1830,Orison Wood,mural,Lipman,https://docs.google.com/drawings/d/e/2PACX-1vTSGHpeBFlYPsll27Zcg6DBOB3fhxjXCon1muxTDFVPmjC1evqsR9jDS3D7xqgQ8w_tIJVqXs7kjuFJ/pub?w=960&h=755,Image Unavailable,no,no
"Lewiston, ME",Howard W. Mann House,1830,Orison Wood,mural,Lipman,https://docs.google.com/drawings/d/e/2PACX-1vTSGHpeBFlYPsll27Zcg6DBOB3fhxjXCon1muxTDFVPmjC1evqsR9jDS3D7xqgQ8w_tIJVqXs7kjuFJ/pub?w=960&h=756,Image Unavailable,no,no
"Lexington, MA",Joshua Simons House,1830,Porter School,mural,Lipman,https://docs.google.com/drawings/d/e/2PACX-1vTSGHpeBFlYPsll27Zcg6DBOB3fhxjXCon1muxTDFVPmjC1evqsR9jDS3D7xqgQ8w_tIJVqXs7kjuFJ/pub?w=960&h=795,Image Unavailable,no,no
"Lunenburg, MA",Faith Gardner House,1830,Porter School,mural,Lipman,https://docs.google.com/drawings/d/e/2PACX-1vRhtt2BQugwGn7NJM8MiwdWL1kdsXvqmX8E_Y0wx9Dnj7T2s2vrTRyJvq-gpsWMxSMia8nde0XKrJa6/pub?w=960&h=720,<em>Rufus Porter: Rediscovered</em> by Jean Lipman,yes,no
"Lyme, NH",Dennis House,1825,Porter School,mural,Lipman,https://docs.google.com/drawings/d/e/2PACX-1vTSGHpeBFlYPsll27Zcg6DBOB3fhxjXCon1muxTDFVPmjC1evqsR9jDS3D7xqgQ8w_tIJVqXs7kjuFJ/pub?w=960&h=776,House burned down.,no,no
"Lyme, NH",Perkins-Simmons House,1825,Porter School,mural,Lipman,https://docs.google.com/drawings/d/e/2PACX-1vTSGHpeBFlYPsll27Zcg6DBOB3fhxjXCon1muxTDFVPmjC1evqsR9jDS3D7xqgQ8w_tIJVqXs7kjuFJ/pub?w=960&h=777,Murals removed. House demolished in 1963.,no,no
"Lyme, NH",Kent House,1825,Porter School,mural,Lipman,https://docs.google.com/drawings/d/e/2PACX-1vQ7UEfZeysAfcnsx3EqJrGaqgY4zlchwEuG2jlmZmV0XYwlQbUXNH-uH-oLC5j5z-lnKos7EtUkw8u_/pub?w=960&h=720,<em>Folk Art Murals of the Rufus Porter School </em> by Linda Carter Lefko and Jane E. Radcliffe,yes,no
"Lyme, NH",Frederick Wagner House,1825,Porter School,mural,Lipman,https://docs.google.com/drawings/d/e/2PACX-1vSJiyt3vLXg1faJuY5GDjq6C-RQdAP4nMlFV5unrJC60Y33AxvAL2FvngkrHpBUxS3XI-A06z9hdpug/pub?w=960&h=720,<em>Rufus Porter: Rediscovered</em> by Jean Lipman,yes,no
"Mason, NH",Joseph Saunders House,1825,Porter School,mural,Lipman,https://docs.google.com/drawings/d/e/2PACX-1vTSGHpeBFlYPsll27Zcg6DBOB3fhxjXCon1muxTDFVPmjC1evqsR9jDS3D7xqgQ8w_tIJVqXs7kjuFJ/pub?w=960&h=779,House burned down in 1917.,no,no
"Mason, NH",Jonathan Batchelder House,1825,Porter School,mural,Lipman,https://docs.google.com/drawings/d/e/2PACX-1vTSGHpeBFlYPsll27Zcg6DBOB3fhxjXCon1muxTDFVPmjC1evqsR9jDS3D7xqgQ8w_tIJVqXs7kjuFJ/pub?w=960&h=778,"Some walls destroyed, some in fair condition.",no,no
"Mason, NH",Asher Tarbell House,1825,Porter School,mural,Lipman,https://docs.google.com/drawings/d/e/2PACX-1vR6p7s0SSVr5tokcG0ZLooR6bSWXo2iHHPl2L9lm0hBaGsvM2WRDRfXJWD3aNuChOA5JOlrCkBdvKcN/pub?w=960&h=720,<em>Folk Art Murals of the Rufus Porter School </em> by Linda Carter Lefko and Jane E. Radcliffe,yes,no
"Merrimac, MA",Sargent House,1830,Porter School,mural,Lipman,https://docs.google.com/drawings/d/e/2PACX-1vTSGHpeBFlYPsll27Zcg6DBOB3fhxjXCon1muxTDFVPmjC1evqsR9jDS3D7xqgQ8w_tIJVqXs7kjuFJ/pub?w=960&h=797,Murals painted over.,no,no
"Merrimacport, MA",Edward Gibbin House,1830,Porter School,mural,Lipman,https://docs.google.com/drawings/d/e/2PACX-1vTSGHpeBFlYPsll27Zcg6DBOB3fhxjXCon1muxTDFVPmjC1evqsR9jDS3D7xqgQ8w_tIJVqXs7kjuFJ/pub?w=960&h=798,Murals painted or wallpapered over.,no,no
"Monmouth, ME",Simon Martson House,1830,Porter School,mural,Lipman,https://docs.google.com/drawings/d/e/2PACX-1vTSGHpeBFlYPsll27Zcg6DBOB3fhxjXCon1muxTDFVPmjC1evqsR9jDS3D7xqgQ8w_tIJVqXs7kjuFJ/pub?w=960&h=804,Murals in very poor condition.,no,no
"New Ipswich, NH",Gould-Chickering House,1825,Porter School,mural,Lipman,https://docs.google.com/drawings/d/e/2PACX-1vTSGHpeBFlYPsll27Zcg6DBOB3fhxjXCon1muxTDFVPmjC1evqsR9jDS3D7xqgQ8w_tIJVqXs7kjuFJ/pub?w=960&h=780,Wallpapered over.,no,no
"New Ipswich, NH",Solomon Russell House,1825,Porter School,mural,Lipman,https://docs.google.com/drawings/d/e/2PACX-1vRc-0EN6RgMgYnTTwBQ5qOcKfgHyyoA_WAXpnkNfSM8-h9Ylep9VQOjW88zKP3eTIyG1NxFpOA55OBj/pub?w=960&h=720,<em>Folk Art Murals of the Rufus Porter School </em> by Linda Carter Lefko and Jane E. Radcliffe,yes,no
"New Ipswich, NH",Gardner Davis House,1825,Porter School,mural,Lipman,https://docs.google.com/drawings/d/e/2PACX-1vTG_ttTlkADcDj7ZHyB6bE_wQ_Sb64PcVQOK6Sv7q3iLWT6k_vWWZP5ZzEVuDFPSqsCsYZU08jS6nmU/pub?w=960&h=720,<em>Rufus Porter: Rediscovered</em> by Jean Lipman,yes,no
"North Haverhill, NH",Harold Kimball House,1825,Porter School,mural,Lipman,https://docs.google.com/drawings/d/e/2PACX-1vTSGHpeBFlYPsll27Zcg6DBOB3fhxjXCon1muxTDFVPmjC1evqsR9jDS3D7xqgQ8w_tIJVqXs7kjuFJ/pub?w=960&h=781,Murals archivally covered with wallboard.,no,no
"North Haverhill, NH",Leslie Lackie House,1825,Porter School,mural,Lipman,https://docs.google.com/drawings/d/e/2PACX-1vTSGHpeBFlYPsll27Zcg6DBOB3fhxjXCon1muxTDFVPmjC1evqsR9jDS3D7xqgQ8w_tIJVqXs7kjuFJ/pub?w=960&h=782,Murals destroyed.,no,no
"North Haverhill, NH",Daniel Carr House,1825,Porter School,mural,Lipman,https://docs.google.com/drawings/d/e/2PACX-1vQMz93gzU8H-0a56RNXAaYX7unjCKHDK39C8f7fgeYav6u6n561LpboDhzFonf4C8aJxMlqvGNbfZfV/pub?w=960&h=720,<em>Rufus Porter: Rediscovered</em> by Jean Lipman,yes,no
"North Reading, MA",Frances Shay Mague House,1835,Porter School,mural,Lipman,https://docs.google.com/drawings/d/e/2PACX-1vTSGHpeBFlYPsll27Zcg6DBOB3fhxjXCon1muxTDFVPmjC1evqsR9jDS3D7xqgQ8w_tIJVqXs7kjuFJ/pub?w=960&h=813,Image Unavailable,no,no
"North Reading, MA",House near Route 28,1835,Porter School,mural,Lipman,https://docs.google.com/drawings/d/e/2PACX-1vTSGHpeBFlYPsll27Zcg6DBOB3fhxjXCon1muxTDFVPmjC1evqsR9jDS3D7xqgQ8w_tIJVqXs7kjuFJ/pub?w=960&h=814,Wallpapered over.,no,no
"North Reading, MA",Damon Tavern,1835,Porter School,mural,Lipman,https://docs.google.com/drawings/d/e/2PACX-1vSo5iPATL9V1ccW5WiLLUgzg36B4Lww1dVRlxBCjeZf7l6AIwDs3mKd1EO0KRiGUoaVRQEPDJPKvsfV/pub?w=960&h=720,<em>Folk Art Murals of the Rufus Porter School </em> by Linda Carter Lefko and Jane E. Radcliffe,yes,no
"North Reading, MA",Van Heusen Seventeenth-Century Farms,1835,Porter School,mural,Lipman,https://docs.google.com/drawings/d/e/2PACX-1vRFgfu2ty75FVWz0GaKybF-rp4gCP3-G_B03Zrb0unaj9NkFhoHLoCZxhmC0GLNEdEGF-cGGR4UbZcx/pub?w=960&h=720,<em>Rufus Porter: Rediscovered</em> by Jean Lipman,yes,no
"Orford, NH",Hinckley House,1824,Porter School,mural,Lipman,https://docs.google.com/drawings/d/e/2PACX-1vRNwG3yBX6AYtyeA0n-auyfq9vjVuZWxc8_bQeBISWZuOyDwNv3IHmJXgEdiy9TZpqbcy-9sILksaPD/pub?w=960&h=720,<em>Folk Art Murals of the Rufus Porter School </em> by Linda Carter Lefko and Jane E. Radcliffe,yes,no
"Portland, ME",Ellis Place,1827,Porter School,mural,Lipman,https://docs.google.com/drawings/d/e/2PACX-1vTSGHpeBFlYPsll27Zcg6DBOB3fhxjXCon1muxTDFVPmjC1evqsR9jDS3D7xqgQ8w_tIJVqXs7kjuFJ/pub?w=960&h=783,House burned down.,no,no
"Portland, ME",Deacon John Bailey House,1827,Porter School,mural,Lipman,https://docs.google.com/drawings/d/e/2PACX-1vTFJerZe8krrDh6HMnfQ-g2RhxnGNnYOIJPDdY0lj-LdI_YzOSLYPwGkLJATgZdo0GN2KRB-kDhzYdk/pub?w=960&h=720,<em>Folk Art Murals of the Rufus Porter School </em> by Linda Carter Lefko and Jane E. Radcliffe,yes,no
"Rumford, ME",Hezekiah Hutchins House,1840,Jonathan D. Poor,mural,Lipman,https://docs.google.com/drawings/d/e/2PACX-1vT17c-keKb15cHciIHudwbgVgkRObLyYAq_vo3-Xc5NVwrH0dpv7vr1q-qZN46OdXGmulg7WM0QQMtA/pub?w=960&h=720,<em>Folk Art Murals of the Rufus Porter School </em> by Linda Carter Lefko and Jane E. Radcliffe,yes,no
"Sebec, ME",Ellerton Jette House,1824,"Rufus Porter and Moses Eaton, Jr.",mural,Lipman,https://docs.google.com/drawings/d/e/2PACX-1vRCqGdhI9N6ufpXQX0WGHzKBYanLbP-Qw0mnLmFaqvYtrc1HTdL_BRUAyRPKrJPLICjy949rnAwom_A/pub?w=960&h=720,<em>Rufus Porter: Rediscovered</em> by Jean Lipman,yes,no
"South Bridgton, ME",Ingalls House,1830,Porter School,mural,Lipman,https://docs.google.com/drawings/d/e/2PACX-1vTSGHpeBFlYPsll27Zcg6DBOB3fhxjXCon1muxTDFVPmjC1evqsR9jDS3D7xqgQ8w_tIJVqXs7kjuFJ/pub?w=960&h=805,Wallpapered over.,no,no
"Topsham, VT",Elwin Chase House,1831,Porter School,mural,Lipman,https://docs.google.com/drawings/d/e/2PACX-1vRqdEt7hB-JMV5q-a-Mj0CA2JaBgM2Tyqrwlr8x8rZSjR87UFhWuIQRzm-DjzTLPnrC8V9QqdM1uTZQ/pub?w=960&h=720,<em>Rufus Porter: Rediscovered</em> by Jean Lipman,yes,no
"Townsend, MA",Reed Mansion,1830,Porter School,mural,Lipman,https://docs.google.com/drawings/d/e/2PACX-1vSVaVJP_7xNqMgY3XnHQ5FGnbllrf48N4dqnEqOHm7MnvH2o7sqZheYZ8_r_GOAIcED9VQSSmMysuyZ/pub?w=960&h=720,<em>Folk Art Murals of the Rufus Porter School </em> by Linda Carter Lefko and Jane E. Radcliffe <br> Tours available through the <href='https://townsendhistoricalsociety.org/properties/reedhomestead/>Townsend Historical Society</a>,yes,yes
"Turner, ME",Unidentified House,1830,Orison Wood,mural,Lipman,https://docs.google.com/drawings/d/e/2PACX-1vTSGHpeBFlYPsll27Zcg6DBOB3fhxjXCon1muxTDFVPmjC1evqsR9jDS3D7xqgQ8w_tIJVqXs7kjuFJ/pub?w=960&h=758,House burned down.,no,no
"Turner, ME",Captain Leavitt House,1830,Orison Wood,mural,Lipman,https://docs.google.com/drawings/d/e/2PACX-1vRfoIoV8nru1NI3mNVG4O0vVU_Z__SroZdFbn9A9FIoBfFjObXOaepd1YPAGJIYTX05urXAWqzJPOsH/pub?w=960&h=720,<em>Folk Art Murals of the Rufus Porter School </em> by Linda Carter Lefko and Jane E. Radcliffe,yes,no
"Wakefield, MA",Lilly Eaton House,1835,Porter School,mural,Lipman,https://docs.google.com/drawings/d/e/2PACX-1vTSGHpeBFlYPsll27Zcg6DBOB3fhxjXCon1muxTDFVPmjC1evqsR9jDS3D7xqgQ8w_tIJVqXs7kjuFJ/pub?w=960&h=817,House demolished in 1913.,no,no
"Wakefield, MA",Thomas Walton House,1835,Porter School,mural,Lipman,https://docs.google.com/drawings/d/e/2PACX-1vTSGHpeBFlYPsll27Zcg6DBOB3fhxjXCon1muxTDFVPmjC1evqsR9jDS3D7xqgQ8w_tIJVqXs7kjuFJ/pub?w=960&h=818,Murals destroyed by alterations to house.,no,no
"Wakefield, MA",Franklin Poole House,1835,Porter School,mural,Lipman,https://docs.google.com/drawings/d/e/2PACX-1vTSGHpeBFlYPsll27Zcg6DBOB3fhxjXCon1muxTDFVPmjC1evqsR9jDS3D7xqgQ8w_tIJVqXs7kjuFJ/pub?w=960&h=816,Wallpapered over.,no,no
"Wakefield, MA",Kenneth Odiorne House,1835,Porter School,mural,Lipman,https://docs.google.com/drawings/d/e/2PACX-1vTSGHpeBFlYPsll27Zcg6DBOB3fhxjXCon1muxTDFVPmjC1evqsR9jDS3D7xqgQ8w_tIJVqXs7kjuFJ/pub?w=960&h=819,Wallpapered over.,no,no
"Wakefield, MA",Winn House,1835,Porter School,mural,Lipman,https://docs.google.com/drawings/d/e/2PACX-1vTy7R7FrY3p1hOERl073-sxNCUvZThScbs3uTNJ556lZC2_npNI_LeNbYQrdeQknCcua1DyTRH-Xhy3/pub?w=960&h=720,<em>Rufus Porter: Rediscovered</em> by Jean Lipman,yes,no
"Webster Corner, ME",Cushman Tavern,1830,Orison Wood,mural,Lipman,https://docs.google.com/drawings/d/e/2PACX-1vRtbCh1v2g9RqI3XN60HsSEqpYKEkTjrWx0Fs-W8AbWopU7__mfuA7H2bSmR93kPHj-_FAbGRkms18O/pub?w=960&h=720,<em>Rufus Porter: Rediscovered</em> by Jean Lipman,yes,no
"West Auburn, ME",Otis B. Tibbets House,1830,Orison Wood,mural,Lipman,https://docs.google.com/drawings/d/e/2PACX-1vTy6wWwuKPVinCO-AHEkp3rdqiVhaXZjgusd5ScwwmvGxI-BUKVVzRMS7QAzg7wyapns1NkeqyMoHcH/pub?w=960&h=720,<em>Rufus Porter: Rediscovered</em> by Jean Lipman,yes,no
"West Boxford, MA",Hovey House,1838,Porter School,mural,Lipman,https://docs.google.com/drawings/d/e/2PACX-1vTSGHpeBFlYPsll27Zcg6DBOB3fhxjXCon1muxTDFVPmjC1evqsR9jDS3D7xqgQ8w_tIJVqXs7kjuFJ/pub?w=960&h=821,House burned down.,no,no
"West Boxford, MA",Joseph Burgson House,1838,Porter School,mural,Lipman,https://docs.google.com/drawings/d/e/2PACX-1vTSGHpeBFlYPsll27Zcg6DBOB3fhxjXCon1muxTDFVPmjC1evqsR9jDS3D7xqgQ8w_tIJVqXs7kjuFJ/pub?w=960&h=820,Murals destroyed.,no,no
"West Boxford, MA",John A. Andrew House,1838,Porter School,mural,Lipman,https://docs.google.com/drawings/d/e/2PACX-1vSXB6N3NHpvrEIwkDNYAIBMfqcqrQg_pR8JjuRwtZlQ-RtzjLwZafTKwgWLFq695PT4OeSYL6JDrxyR/pub?w=960&h=720,<em>Folk Art Murals of the Rufus Porter School </em> by Linda Carter Lefko and Jane E. Radcliffe,yes,no
"West Mt. Vernon, ME",Unidentified House,1835,Jonathan D. Poor,mural,Lipman,https://docs.google.com/drawings/d/e/2PACX-1vTSGHpeBFlYPsll27Zcg6DBOB3fhxjXCon1muxTDFVPmjC1evqsR9jDS3D7xqgQ8w_tIJVqXs7kjuFJ/pub?w=960&h=724,House demolished.,no,no
"West Mt. Vernon, ME",Leon H. Marr House,1835,Jonathan D. Poor,mural,Lipman,https://docs.google.com/drawings/d/e/2PACX-1vTSGHpeBFlYPsll27Zcg6DBOB3fhxjXCon1muxTDFVPmjC1evqsR9jDS3D7xqgQ8w_tIJVqXs7kjuFJ/pub?w=960&h=728,House demolished.,no,no
"Westbrook, ME",Zebulon Trickey House,1830,Porter School,mural,Lipman,https://docs.google.com/drawings/d/e/2PACX-1vQjkugEsA_rqY5xQbeOI-CvJuzBlt2yh2JjifbRVG0ISz9SfPj-tuHIpvmSL7tvO09yoV0eQ5WDi5HO/pub?w=960&h=720,"<em>Folk Art Murals of the Rufus Porter School </em> by Linda Carter Lefko and Jane E. Radcliffe <br> Now in the collection of <a href='https://www.huntington.org/'>The Huntington</a>, but not yet on view.",yes,no
"Westbrook, ME",Pride House,1851,Granville Fernald,mural,Lipman,https://docs.google.com/drawings/d/e/2PACX-1vTSGHpeBFlYPsll27Zcg6DBOB3fhxjXCon1muxTDFVPmjC1evqsR9jDS3D7xqgQ8w_tIJVqXs7kjuFJ/pub?w=960&h=723,Image Unavailable,no,no
"Westwood, MA",Allen House,1838,Rufus Porter and Stephen Twombly Porter,mural,Lipman,https://docs.google.com/drawings/d/e/2PACX-1vTSGHpeBFlYPsll27Zcg6DBOB3fhxjXCon1muxTDFVPmjC1evqsR9jDS3D7xqgQ8w_tIJVqXs7kjuFJ/pub?w=960&h=832,House burned down in 1905.,no,no
"Westwood, MA",Reuben Guild House,1838,Rufus Porter and Stephen Twombly Porter,mural,Lipman,https://docs.google.com/drawings/d/e/2PACX-1vSlA6r3gCs1QlN7BavAL9bGfwfP2BgJDhwY9O7aRMY3ogfU1hkLR6XpuHOVrUtjoT5pUYEQ7HTeQ3wq/pub?w=960&h=720,<em>Folk Art Murals of the Rufus Porter School </em> by Linda Carter Lefko and Jane E. Radcliffe,yes,no
"Woburn, MA",Tidd House,1835,Porter School,mural,Lipman,https://docs.google.com/drawings/d/e/2PACX-1vTSGHpeBFlYPsll27Zcg6DBOB3fhxjXCon1muxTDFVPmjC1evqsR9jDS3D7xqgQ8w_tIJVqXs7kjuFJ/pub?w=960&h=831,House demolished.,no,no
"Minot, ME",Jacob Davis,1815,Rufus Porter,portrait,MFA,https://docs.google.com/drawings/d/e/2PACX-1vRTi4N-J6NMl0vrGI9ldDGB5lFDYRqmfny_qYp0LSGQkCojv2aqZE11PsU01JnikwXPQIU0PNlif38V/pub?w=960&h=720,"Museum of Fine Arts, Boston",yes,no
"Princeton, MA",Colonel Jacob W. Watson,1833,Rufus Porter,portrait,MFA,https://docs.google.com/drawings/d/e/2PACX-1vS6BpsDZ_dva4oOibWk8ZCYGIn-5jC8QJ7x02OXN8fPUX9bEbE7CtcZ9H__T7cy-f6LuVESagdrKNCm/pub?w=960&h=720,"Museum of Fine Arts, Boston",yes,no
"Princeton, MA",Lydia Watson,1833,Rufus Porter,portrait,MFA,https://docs.google.com/drawings/d/e/2PACX-1vThhCm9JHQv-ID3TJTNJUaiuYrMKPB2HJY0CPHte-rtcosNcf9LdWmvq0CtFPC9tzO0M_1dAPrp5x1V/pub?w=960&h=720,"Museum of Fine Arts, Boston",yes,no
"Winthrop, ME",Captain Samuel Benjamin House,1830,Porter School,mural,MSM,https://docs.google.com/drawings/d/e/2PACX-1vSFidbgYNfvoip9GJN7TeLSg6d9ssE9dsMqL5SO2XnBaXJe4tA9b3tlnN3mNBfslBdONZlQolQS_okB/pub?w=960&h=720,<em>Rufus Porter: Rediscovered</em> by Jean Lipman,yes,no
"Sturbridge, MA",Oliver Wight House,1830,Porter School,mural,OSV,https://upload.wikimedia.org/wikipedia/commons/8/8f/OWHPortermural2.jpg,"Wikimedia Commons <br> The Oliver Wight House is now lodging at <a href=""osv.org"">Old Sturbridge Village</a>, reopening Fall 2022.",yes,yes
"Bridgton, ME",Nathan Church House,1830,Porter School,mural,RPM,https://docs.google.com/drawings/d/e/2PACX-1vT8HiwRngp5v0AnD7A34YKH6OaL32DF9_Gh8hzjbsG_hhV09eqcp6GBVbeDSlyyW-HjpYgz9gYG1DMr/pub?w=599&h=423,Rufus Porter Museum of Art and Ingenuity <br> On view at the <a href='https://www.rufusportermuseum.org/'>Rufus Porter Museum</a>,yes,yes
"Chelmsford, MA",Nathan Peabody Ames,1825,Rufus Porter,portrait,RPM,https://docs.google.com/drawings/d/e/2PACX-1vSUt1seqT4ddm8T7B0Tb3anuOf0Z4Xi-_1fAwiah-kSKu-IZnaIrpvkDDVvrbggnZFDL1UYwUi-Xou7/pub?w=960&h=720,"<em>Rufus Porter's Curious World</em>, published by the Pennsylvania State University Press and Bowdoin College Museum of Art <br> Now on view at the <a href='rufusportermuseum.org'>Rufus Porter Museum</a>",yes,yes
"Cooperstown, NY",Mrs. Cooper,1820,Rufus Porter,portrait,RPM,https://s3.amazonaws.com/pastperfectonline/images/museum_1165/002/thumbs/20200101.jpg,Rufus Porter Museum of Art and Ingenuity <br> Now on view at the <a href='https://www.rufusportermuseum.org/'>Rufus Porter Museum</a>,yes,yes
"Cooperstown, NY",Mr. Cooper,1820,Rufus Porter,portrait,RPM,https://s3.amazonaws.com/pastperfectonline/images/museum_1165/002/thumbs/20200102.jpg,Rufus Porter Museum of Art and Ingenuity <br> Now on view at the <a href='https://www.rufusportermuseum.org/'>Rufus Porter Museum</a>,yes,yes
"Gorham, ME",Mary Gorham Irish,1819,Rufus Porter,portrait,RPM,https://s3.amazonaws.com/pastperfectonline/images/museum_1165/002/thumbs/l1.jpg,Rufus Porter Museum of Art and Ingenuity <br> Now on view at the <a href='https://www.rufusportermuseum.org/'>Rufus Porter Museum</a>,yes,yes
"Hopkinton, MA",Timothy and Judith Carter,1820,Rufus Porter,portrait,RPM,https://s3.amazonaws.com/pastperfectonline/images/museum_1165/002/thumbs/20210041.jpg,Rufus Porter Museum of Art and Ingenuity <br> Now on view at the <a href='https://www.rufusportermuseum.org/'>Rufus Porter Museum</a>,yes,yes
"Middleboro, MA",Besty Long Ellis,1815,Rufus Porter,portrait,RPM,https://s3.amazonaws.com/pastperfectonline/images/museum_1165/002/20170101.jpg,Rufus Porter Museum of Art and Ingenuity <br> Now on view at the <a href='https://www.rufusportermuseum.org/'>Rufus Porter Museum</a>,yes,yes
"Newbury, MA",Paul Hills,1820,Rufus Porter,portrait,RPM,https://s3.amazonaws.com/pastperfectonline/images/museum_1165/002/thumbs/20150061.jpg,Rufus Porter Museum of Art and Ingenuity <br> In the collection of the <a href='https://www.rufusportermuseum.org/'>Rufus Porter Museum</a>,yes,no
"Newbury, MA",Mary Ann Burroughs Hills,1820,Rufus Porter,portrait,RPM,https://s3.amazonaws.com/pastperfectonline/images/museum_1165/001/thumbs/20150062.jpg,Rufus Porter Museum of Art and Ingenuity <br> In the collection of the <a href='https://www.rufusportermuseum.org/'>Rufus Porter Museum</a>,yes,no
"Chesterville, ME",Fuller Dyke House,1834,Jonathan D. Poor,mural,signed,https://docs.google.com/drawings/d/e/2PACX-1vTSGHpeBFlYPsll27Zcg6DBOB3fhxjXCon1muxTDFVPmjC1evqsR9jDS3D7xqgQ8w_tIJVqXs7kjuFJ/pub?w=960&h=732,House burned down in 1905.,no,no
"Chesterville, ME",Professor Diller House,1834,Jonathan D. Poor,mural,signed,https://docs.google.com/drawings/d/e/2PACX-1vTSGHpeBFlYPsll27Zcg6DBOB3fhxjXCon1muxTDFVPmjC1evqsR9jDS3D7xqgQ8w_tIJVqXs7kjuFJ/pub?w=960&h=731,Murals removed.,no,no
"East Baldwin, ME",Norton House,1840,Jonathan D. Poor,mural,signed,http://s3.amazonaws.com/afanews_articles/01019/FIG-2b_-stitch_new.png,"""Rediscovering the Murals of Jonathan D. Poor"" by Jane E. Radcliffe <br> Now on view at the <a href='https://www.rufusportermuseum.org/'>Rufus Porter Museum</a>",yes,yes
"Groton, MA",Oliver Prescott House,1835,Jonathan D. Poor,mural,signed,http://s3.amazonaws.com/afanews_articles/01019/FIG-11_-13---Prescott-signature.png,"""Rediscovering the Murals of Jonathan D. Poor"" by Jane E. Radcliffe <br> Now on view in the lobby of the <a href='https://thegrotoninn.com/'>Groton Inn</a>",yes,yes
"Norridgewock, ME",Joshua Gilmore House,1830,Quincy,mural,signed,https://docs.google.com/drawings/d/e/2PACX-1vQo1erTWy5g33KSj8Um_AE6vfJJxLVE9pTwrbyQBYopvSmH-PkbKwDwQWKyWj3lz8FYVZfxv70ihPXN/pub?w=960&h=720,<em>Folk Art Murals of the Rufus Porter School </em> by Linda Carter Lefko and Jane E. Radcliffe,yes,no
"North Parsonfield, ME",Curtis M. Sweat House,1830,Jonathan D. Poor and Paine,mural,signed,https://docs.google.com/drawings/d/e/2PACX-1vSrg7rgEhMR1bB8PmqRtlmqnsi5FdJwmaBmNZPs-iJ5MXO7lgQJ_Q2lfXEOfbGdqV3xHgjq_Nz0ey0P/pub?w=960&h=720,<em>Rufus Porter: Rediscovered</em> by Jean Lipman,yes,no
"Parsonfield, ME",Dalton House,1830,Jonathan D. Poor,mural,signed,http://s3.amazonaws.com/afanews_articles/01019/FIG-13_-15---Dalton-signature.png,"""Rediscovering the Murals of Jonathan D. Poor"" by Jane E. Radcliffe",yes,no
"Parsonfield, ME",Chillis House,1830,Jonathan D. Poor,mural,signed,http://s3.amazonaws.com/afanews_articles/01019/FIG-14_-16---Morison-signature.png,"""Rediscovering the Murals of Jonathan D. Poor"" by Jane E. Radcliffe",yes,no
"Plainville, CT",Julia Lottie Hills,1835,Rufus Porter,portrait,signed,https://docs.google.com/drawings/d/e/2PACX-1vQbDxuBXPv4bNyUiGht_WHghHY1ugw5BTw5M8xj4uEaFbjHBtU7SR_hlZhtS2o4dtYrQR8a7CEB6nao/pub?w=960&h=720,"<em>Rufus Porter's Curious World</em>, published by the Pennsylvania State University Press and Bowdoin College Museum of Art <br> Private collection.",yes,no
"Readfield, ME",Judge Bean House,1835,Jonathan D. Poor,mural,signed,http://s3.amazonaws.com/afanews_articles/01019/FIG-12_-10---Bean-signature-on-ship-LCL.png,"""Rediscovering the Murals of Jonathan D. Poor"" by Jane E. Radcliffe",yes,no
"Standish, ME",Warren Pederson House,1830,Jonathan D. Poor,mural,signed,http://s3.amazonaws.com/afanews_articles/01019/FIG-10_-%282.png,"""Rediscovering the Murals of Jonathan D. Poor"" by Jane E. Radcliffe",yes,no
"Vienna, ME",Jacob Johnson House,1832,Jonathan D. Poor,mural,signed,https://docs.google.com/drawings/d/e/2PACX-1vQoM134LEB5UsOcbKJT_z2xt_hTSYivS-AwwIymRw2EFNA2pshPb5u4vNn5u5427w1tzfHwCY_NJu8E/pub?w=600&h=449,<em>Folk Art Murals of the Rufus Porter School </em> by Linda Carter Lefko and Jane E. Radcliffe,yes,no
"Wakefield, MA",Emerson House,1835,Rufus Porter,mural,signed,http://s3.amazonaws.com/afanews_articles/01019/FIG-1_-%281.5-pg.png,"""Rediscovering the Murals of Jonathan D. Poor"" by Jane E. Radcliffe",yes,no
"Westwood, MA",Dr. Francis Howe House,1838,Rufus Porter and Stephen Twombly Porter,mural,signed,https://upload.wikimedia.org/wikipedia/en/e/e1/Wall_mural_by_Rufus_Porter.jpg,Wikimedia Commons,yes,no
"Winthrop, ME",Frank Hanson House,1830,E.V. Bennett,mural,signed,https://docs.google.com/drawings/d/e/2PACX-1vTSGHpeBFlYPsll27Zcg6DBOB3fhxjXCon1muxTDFVPmjC1evqsR9jDS3D7xqgQ8w_tIJVqXs7kjuFJ/pub?w=960&h=721,Murals damaged by varnish.,no,no
"Winthrop, ME",Knowlton House,1830,E.J. Gilbert,mural,signed,https://docs.google.com/drawings/d/e/2PACX-1vQHU8SLtIYvAtiUa5hUQh8kP05XH3bN5YwZJ_VSTqOGJXbFWtKSWUj_nto6kS7MofOsJ82S_mr7J9rI/pub?w=960&h=720,<em>Folk Art Murals of the Rufus Porter School </em> by Linda Carter Lefko and Jane E. Radcliffe,yes,no
"Woburn, MA",Shaker Glenn Inn,1835,Rufus Porter,mural,signed,https://docs.google.com/drawings/d/e/2PACX-1vTSGHpeBFlYPsll27Zcg6DBOB3fhxjXCon1muxTDFVPmjC1evqsR9jDS3D7xqgQ8w_tIJVqXs7kjuFJ/pub?w=960&h=831,Murals repainted and varnished.,no,no
"Bethel, ME",Moses Mason House,1835,Jonathan D. Poor,mural,tradition,https://docs.google.com/drawings/d/e/2PACX-1vTUjAezgA8_4fGT5N09kIXxLcP6iYVlk5I6fNqfFDp-B3ynnDlmlSjdqAs2WXjZF2fBvNXjUSSD6zvt/pub?w=960&h=720,<em>Folk Art Murals of the Rufus Porter School </em> by Linda Carter Lefko and Jane E. Radcliffe <br> Tours available through the <a href='https://bethelhistorical.org/hours-facilities/#mason-house'>Bethel Historical Society</a>,yes,yes
"Bradford, NH",Joshua Eaton House,1824,"Rufus Porter and Moses Eaton, Jr.",mural,tradition,https://docs.google.com/drawings/d/e/2PACX-1vQ4TzQOcGCe3R4Uz3SBXMw5OrUVBW1FI7a0yUTKviTCTo7TdenzBIXx6qRSaX_2z4z3Zsluf4YE6fjT/pub?w=960&h=720,<em>Rufus Porter: Rediscovered</em> by Jean Lipman,yes,no
"Chesterville, ME",Thomas Austin House,1834,Jonathan D. Poor,mural,tradition,https://docs.google.com/drawings/d/e/2PACX-1vTSGHpeBFlYPsll27Zcg6DBOB3fhxjXCon1muxTDFVPmjC1evqsR9jDS3D7xqgQ8w_tIJVqXs7kjuFJ/pub?w=960&h=742,House burned down.,no,no
"Chesterville, ME",Captain Thomas Williams House,1834,Jonathan D. Poor,mural,tradition,https://docs.google.com/drawings/d/e/2PACX-1vTSGHpeBFlYPsll27Zcg6DBOB3fhxjXCon1muxTDFVPmjC1evqsR9jDS3D7xqgQ8w_tIJVqXs7kjuFJ/pub?w=960&h=740,Murals damaged by attempted restoration without a trained professional.,no,no
"Chesterville, ME",Lyman Whittier House,1834,Jonathan D. Poor,mural,tradition,https://docs.google.com/drawings/d/e/2PACX-1vTSGHpeBFlYPsll27Zcg6DBOB3fhxjXCon1muxTDFVPmjC1evqsR9jDS3D7xqgQ8w_tIJVqXs7kjuFJ/pub?w=960&h=741,Wallpapered over.,no,no
"Cornish, ME",Thompkins House,1830,Porter School,mural,tradition,https://docs.google.com/drawings/d/e/2PACX-1vTSGHpeBFlYPsll27Zcg6DBOB3fhxjXCon1muxTDFVPmjC1evqsR9jDS3D7xqgQ8w_tIJVqXs7kjuFJ/pub?w=960&h=824,House demolished.,no,no
"Farmington Falls, ME",Russ House,1830,Jonathan D. Poor and Paine,mural,tradition,https://docs.google.com/drawings/d/e/2PACX-1vQqoq1_4UdVpcXhx7vjzqCgPojkob3QS8eDrhIiPEQuoJpHU-RNpvc5wXi-Iqm8QDCCqdlgWMx5gKu0/pub?w=960&h=720,<em>Folk Art Murals of the Rufus Porter School </em> by Linda Carter Lefko and Jane E. Radcliffe,yes,no
"Farmington, ME",Jonathan Cushman House,1830,Jonathan D. Poor and Paine,mural,tradition,https://docs.google.com/drawings/d/e/2PACX-1vTSGHpeBFlYPsll27Zcg6DBOB3fhxjXCon1muxTDFVPmjC1evqsR9jDS3D7xqgQ8w_tIJVqXs7kjuFJ/pub?w=960&h=747,House burned down in 1944.,no,no
"Farmington, ME",William Gilman House,1830,Jonathan D. Poor and Paine,mural,tradition,https://docs.google.com/drawings/d/e/2PACX-1vTSGHpeBFlYPsll27Zcg6DBOB3fhxjXCon1muxTDFVPmjC1evqsR9jDS3D7xqgQ8w_tIJVqXs7kjuFJ/pub?w=960&h=748,House burned down in 1967.,no,no
"Farmington, ME",David E. Currier House,1835,Jonathan D. Poor,mural,tradition,https://docs.google.com/drawings/d/e/2PACX-1vTSGHpeBFlYPsll27Zcg6DBOB3fhxjXCon1muxTDFVPmjC1evqsR9jDS3D7xqgQ8w_tIJVqXs7kjuFJ/pub?w=960&h=744,Image Unavailable,no,no
"Farmington, ME",Robert C. Bruce House,1830,Jonathan D. Poor and Paine,mural,tradition,https://docs.google.com/drawings/d/e/2PACX-1vTSGHpeBFlYPsll27Zcg6DBOB3fhxjXCon1muxTDFVPmjC1evqsR9jDS3D7xqgQ8w_tIJVqXs7kjuFJ/pub?w=960&h=754,Image Unavailable,no,no
"Farmington, ME",David Ingham House,1830,Jonathan D. Poor and Paine,mural,tradition,https://docs.google.com/drawings/d/e/2PACX-1vTSGHpeBFlYPsll27Zcg6DBOB3fhxjXCon1muxTDFVPmjC1evqsR9jDS3D7xqgQ8w_tIJVqXs7kjuFJ/pub?w=960&h=749,Murals destroyed in the 1940s.,no,no
"Farmington, ME",Gerald York House,1835,Jonathan D. Poor,mural,tradition,https://docs.google.com/drawings/d/e/2PACX-1vTSGHpeBFlYPsll27Zcg6DBOB3fhxjXCon1muxTDFVPmjC1evqsR9jDS3D7xqgQ8w_tIJVqXs7kjuFJ/pub?w=960&h=743,Wallpapered over.,no,no
"Farmington, ME",Benjamin Stanley House,1835,Jonathan D. Poor,mural,tradition,https://docs.google.com/drawings/d/e/2PACX-1vRaJdKCx0ImfFiqm_Atm_kZ3tpxuLsFldbwJFMPxW3WgaaUzchhrmk9Uydk0EmCort69v7G6zzkffig/pub?w=960&h=720,<em>Folk Art Murals of the Rufus Porter School </em> by Linda Carter Lefko and Jane E. Radcliffe,yes,no
"Farmington, ME",Dyer/Currier House,1830,Jonathan D. Poor and Paine,mural,tradition,https://docs.google.com/drawings/d/e/2PACX-1vRwzbRw-1fqWCb5qUEnt0vg0TYndXPdFxr6RzzGw9CNian-_XlJDwCyjF9nJeTNs7R-9I0B2IIMviiN/pub?w=960&h=720,<em>Folk Art Murals of the Rufus Porter School </em> by Linda Carter Lefko and Jane E. Radcliffe,yes,no
"Farmington, ME",Milton Gay House,1835,Jonathan D. Poor and Paine,mural,tradition,https://docs.google.com/drawings/d/e/2PACX-1vR6XnPBYpSBnopNB-H-D7oM2qWQU3B4KfOphXhstlTelPf64128hvWVl66gNI4Irs_qFOVh9jyK03Lj/pub?w=960&h=720,<em>Rufus Porter: Rediscovered</em> by Jean Lipman,yes,no
"Fayette, ME",Lieutenant John Lovejoy House,1835,Jonathan D. Poor,mural,tradition,https://docs.google.com/drawings/d/e/2PACX-1vSOnPJM4b6VTZ5j_iBlIDxoFzPLSmJORq0ixDYGOjotO5QRwjjzgxdGK8yBSSqZQrPcL0jxux9NkNzp/pub?w=960&h=720,<em>Folk Art Murals of the Rufus Porter School </em> by Linda Carter Lefko and Jane E. Radcliffe,yes,no
"Limerick, ME",Furlong House,1830,Paine,mural,tradition,https://docs.google.com/drawings/d/e/2PACX-1vTSGHpeBFlYPsll27Zcg6DBOB3fhxjXCon1muxTDFVPmjC1evqsR9jDS3D7xqgQ8w_tIJVqXs7kjuFJ/pub?w=960&h=765,House demolished.,no,no
"Limerick, ME",McDonald Inn,1830,Paine,mural,tradition,https://docs.google.com/drawings/d/e/2PACX-1vTSGHpeBFlYPsll27Zcg6DBOB3fhxjXCon1muxTDFVPmjC1evqsR9jDS3D7xqgQ8w_tIJVqXs7kjuFJ/pub?w=960&h=764,Murals painted over.,no,no
"Mt. Vernon, ME",Arthur Gordon House,1835,Jonathan D. Poor,mural,tradition,https://docs.google.com/drawings/d/e/2PACX-1vTSGHpeBFlYPsll27Zcg6DBOB3fhxjXCon1muxTDFVPmjC1evqsR9jDS3D7xqgQ8w_tIJVqXs7kjuFJ/pub?w=960&h=745,House burned down.,no,no
"Mt. Vernon, ME",Burbank House,1835,Jonathan D. Poor,mural,tradition,http://s3.amazonaws.com/afanews_articles/01019/FIG-5_-%282.37-pg.png,"""Rediscovering the Murals of Jonathan D. Poor"" by Jane E. Radcliffe <br> One panel on view at the <a href=""https://www.rufusportermuseum.org/"">Rufus Porter Museum</a> <br> Another panel on view at the <a href=""https://www.srmml.org/"">Scottish Rite Masonic Museum and Library</a>",yes,yes
"New Sharon, ME",Robert C. Bruce House,1840,Jonathan D. Poor,mural,tradition,https://docs.google.com/drawings/d/e/2PACX-1vTSGHpeBFlYPsll27Zcg6DBOB3fhxjXCon1muxTDFVPmjC1evqsR9jDS3D7xqgQ8w_tIJVqXs7kjuFJ/pub?w=960&h=735,Murals in very poor condition.,no,no
"North Parsonfield, ME",Frank Chapman House,1830,Jonathan D. Poor and Paine,mural,tradition,https://docs.google.com/drawings/d/e/2PACX-1vTSGHpeBFlYPsll27Zcg6DBOB3fhxjXCon1muxTDFVPmjC1evqsR9jDS3D7xqgQ8w_tIJVqXs7kjuFJ/pub?w=960&h=750,Murals in very poor condition.,no,no
"North Parsonfield, ME",Helen Cating House,1830,Jonathan D. Poor and Paine,mural,tradition,https://docs.google.com/drawings/d/e/2PACX-1vTSGHpeBFlYPsll27Zcg6DBOB3fhxjXCon1muxTDFVPmjC1evqsR9jDS3D7xqgQ8w_tIJVqXs7kjuFJ/pub?w=960&h=751,Wallpapered over.,no,no
"North Parsonfield, ME",Dr. William Reid House,1830,Jonathan D. Poor and Paine,mural,tradition,https://docs.google.com/drawings/d/e/2PACX-1vTSGHpeBFlYPsll27Zcg6DBOB3fhxjXCon1muxTDFVPmjC1evqsR9jDS3D7xqgQ8w_tIJVqXs7kjuFJ/pub?w=960&h=752,Wallpapered over.,no,no
"Readfield, ME",Captain Dudley Haines House,1835,Jonathan D. Poor,mural,tradition,https://docs.google.com/drawings/d/e/2PACX-1vSOj7KMEzu3x88kkAt86iv17myL1qX7SOhu6NcG98CwLWTutEz-fUUE7BikxxTScyQlgpr3TK0e0tLj/pub?w=960&h=720,<em>Folk Art Murals of the Rufus Porter School </em> by Linda Carter Lefko and Jane E. Radcliffe <br> On view in the Webb Gallery at the <a href='https://shelburnemuseum.org/'>Shelburne Museum</a>,yes,yes
"Standish, ME",Barbara E. Parker House,1830,Paine,mural,tradition,https://docs.google.com/drawings/d/e/2PACX-1vTSGHpeBFlYPsll27Zcg6DBOB3fhxjXCon1muxTDFVPmjC1evqsR9jDS3D7xqgQ8w_tIJVqXs7kjuFJ/pub?w=960&h=766,Image Unavailable,no,no
"Strong, ME",William McCleary House,1835,Jonathan D. Poor,mural,tradition,https://docs.google.com/drawings/d/e/2PACX-1vQXExVVL0CCfNq81bDBvgGUTfsAtdkRD9qA2sNLoVCk-dXfCv4SDci-mxy_swgflFD0UlcvfcNnFA1c/pub?w=960&h=720,<em>Folk Art Murals of the Rufus Porter School </em> by Linda Carter Lefko and Jane E. Radcliffe,yes,no
"Vienna, ME",Nathaniel Whittier House,1833,Jonathan D. Poor,mural,tradition,https://docs.google.com/drawings/d/e/2PACX-1vTSGHpeBFlYPsll27Zcg6DBOB3fhxjXCon1muxTDFVPmjC1evqsR9jDS3D7xqgQ8w_tIJVqXs7kjuFJ/pub?w=960&h=736,House burned down.,no,no
"Vienna, ME",Gilman Batchelder House,1833,Jonathan D. Poor,mural,tradition,https://docs.google.com/drawings/d/e/2PACX-1vTSGHpeBFlYPsll27Zcg6DBOB3fhxjXCon1muxTDFVPmjC1evqsR9jDS3D7xqgQ8w_tIJVqXs7kjuFJ/pub?w=960&h=737,House burned down.,no,no
"Vienna, ME",Unidentified House,1833,Jonathan D. Poor,mural,tradition,https://docs.google.com/drawings/d/e/2PACX-1vTSGHpeBFlYPsll27Zcg6DBOB3fhxjXCon1muxTDFVPmjC1evqsR9jDS3D7xqgQ8w_tIJVqXs7kjuFJ/pub?w=960&h=739,House burned down.,no,no
"Westwood, MA",E.A. West House,1838,Rufus Porter and Stephen Twombly Porter,mural,tradition,https://www.themagazineantiques.com/wp-content/uploads/2020/01/IMG_0011c.jpg,"""Revisiting Rufus Porter"" by Suzanne Rudnick Payne and Michael R. Payne",yes,no
"Westwood, MA",Storer Ware House,1838,Rufus Porter and Stephen Twombly Porter,mural,tradition,https://docs.google.com/drawings/d/e/2PACX-1vTuLW_kLzKPZN-Qmz37Yf4lFZ87_r5DajKbedrGE_hrWNQ3NU4LTcHhBiDDNwTNC1lHJHqG2JECjWGx/pub?w=960&h=720,<em>Folk Art Murals of the Rufus Porter School </em> by Linda Carter Lefko and Jane E. Radcliffe,yes,no