location,subject,year,creator,type,attribution,village-stenciled,taupe-barn,steamboat,hat-tree,birds,fallen-tree,pair-tree,horses,dogs,deer,militia,farm,ferns,white-house,three-buildings,nocenter-tree,chair-rail,fence,skiff,village-handpaint,cows,windmill,observatory,woods,octagon,waterfall,border-stenciled,man-shooting,red-house,orchard,sumac,signpost,galleon,moountains,half-tree,sailboats,lon,lat
"Chesterville, ME",Fuller Dyke House,1834,Jonathan D. Poor,mural,signed,NA,NA,NA,NA,NA,NA,NA,NA,NA,NA,NA,NA,NA,NA,NA,NA,NA,NA,NA,NA,NA,NA,NA,NA,NA,NA,NA,NA,NA,NA,NA,NA,NA,NA,NA,NA,-70.0861692,44.55117449999999
"Westbrook, ME",Zebulon Trickey House,1830,Porter School,mural,Lipman,NA,NA,NA,NA,NA,NA,NA,NA,NA,NA,NA,NA,NA,NA,NA,NA,NA,NA,TRUE,NA,NA,NA,NA,NA,NA,NA,NA,NA,NA,TRUE,TRUE,NA,TRUE,NA,TRUE,NA,-70.3711617,43.6770252
"Groton, MA",Oliver Prescott House,1835,Jonathan D. Poor,mural,signed,NA,NA,TRUE,NA,NA,NA,NA,NA,NA,NA,NA,NA,NA,TRUE,NA,TRUE,NA,NA,TRUE,NA,TRUE,NA,NA,NA,NA,NA,NA,NA,NA,NA,NA,NA,NA,NA,NA,TRUE,-71.5745152,42.6112018
"East Baldwin, ME",Norton House,1840,Jonathan D. Poor,mural,signed,NA,TRUE,NA,TRUE,TRUE,TRUE,NA,NA,NA,NA,NA,NA,NA,TRUE,NA,NA,TRUE,NA,TRUE,NA,NA,NA,TRUE,NA,NA,TRUE,NA,TRUE,NA,TRUE,TRUE,TRUE,TRUE,NA,TRUE,TRUE,-70.67561760000001,43.80608600000001
"Derry, NH",Adams Female Academy,1822,Porter School,mural,Lefko,NA,NA,NA,NA,NA,NA,NA,NA,NA,NA,NA,NA,NA,NA,NA,NA,NA,NA,NA,NA,NA,NA,NA,NA,NA,NA,NA,NA,NA,NA,NA,NA,NA,TRUE,NA,TRUE,-71.3273346,42.8806437
"Townsend, MA",Reed Mansion,1830,Porter School,mural,Lipman,NA,NA,TRUE,NA,NA,NA,NA,NA,NA,NA,NA,NA,TRUE,NA,NA,NA,TRUE,NA,NA,NA,NA,TRUE,TRUE,NA,TRUE,NA,NA,NA,NA,NA,NA,NA,NA,NA,TRUE,TRUE,-71.70512649999999,42.6667718
"Bethel, ME",Moses Mason House,1835,Jonathan D. Poor,mural,tradition,TRUE,NA,NA,NA,NA,NA,NA,TRUE,NA,NA,NA,NA,NA,NA,NA,TRUE,NA,NA,TRUE,NA,NA,NA,TRUE,NA,NA,NA,NA,NA,NA,NA,TRUE,NA,NA,NA,NA,TRUE,-70.7898806,44.4044586
"Bedford, MA",Job Lane House,1830,Porter School,mural,Lipman,NA,NA,TRUE,NA,NA,NA,NA,NA,NA,NA,NA,NA,NA,TRUE,NA,NA,NA,TRUE,NA,NA,NA,NA,NA,NA,NA,NA,NA,NA,NA,NA,NA,NA,NA,NA,NA,NA,-71.2760089,42.4906231
"East Jaffrey, NH",Prescott Tavern,1824,Porter School,mural,MFA,NA,NA,NA,NA,NA,NA,NA,NA,NA,NA,NA,NA,NA,NA,NA,NA,NA,NA,NA,TRUE,NA,NA,NA,NA,NA,NA,TRUE,NA,NA,NA,NA,NA,NA,NA,TRUE,TRUE,-72.0231238,42.8139651
"Jaffrey, NH",John Prescott House,1824,Porter School,mural,Lefko,NA,NA,NA,NA,NA,NA,NA,NA,NA,NA,NA,NA,NA,NA,NA,NA,TRUE,NA,TRUE,NA,NA,NA,NA,NA,NA,NA,TRUE,NA,NA,NA,NA,NA,NA,NA,NA,TRUE,-72.0231238,42.8139651
"Greene, ME",Hill House,1830,Porter School,mural,Lefko,NA,NA,NA,NA,NA,NA,NA,NA,NA,NA,NA,NA,NA,NA,NA,NA,NA,NA,NA,NA,NA,NA,NA,NA,NA,NA,NA,NA,NA,NA,NA,NA,NA,NA,NA,NA,-70.14033119999999,44.189794
"Bridgton, ME",Nathan Church House,1830,Porter School,mural,RPM,TRUE,NA,NA,NA,NA,NA,NA,NA,NA,NA,NA,NA,NA,NA,NA,NA,NA,NA,TRUE,NA,NA,NA,NA,NA,NA,NA,NA,NA,NA,NA,NA,NA,TRUE,NA,NA,NA,-70.7128685,44.0548021
"Westwood, MA",Allen House,1838,Rufus Porter and Stephen Twombly Porter,mural,Lipman,NA,NA,NA,NA,NA,NA,NA,NA,NA,NA,NA,NA,NA,NA,NA,NA,NA,NA,NA,NA,NA,NA,NA,NA,NA,NA,NA,NA,NA,NA,NA,NA,NA,NA,NA,NA,-71.2244987,42.21398730000001
"Mason, NH",Joseph Saunders House,1825,Porter School,mural,Lipman,NA,NA,NA,NA,NA,NA,NA,NA,NA,NA,NA,NA,NA,NA,NA,NA,NA,NA,NA,NA,NA,NA,NA,NA,NA,NA,NA,NA,NA,NA,NA,NA,NA,NA,NA,NA,-71.76888679999999,42.7431782
"Farmington, ME",Jonathan Cushman House,1830,Jonathan D. Poor and Paine,mural,tradition,NA,NA,NA,NA,NA,NA,NA,NA,NA,NA,NA,NA,NA,NA,NA,NA,NA,NA,TRUE,NA,NA,NA,TRUE,NA,NA,NA,NA,NA,NA,NA,NA,NA,NA,NA,NA,NA,-70.1512169,44.67049979999999
"Farmington, ME",William Gilman House,1830,Jonathan D. Poor and Paine,mural,tradition,NA,NA,NA,NA,NA,NA,NA,NA,NA,NA,NA,NA,NA,NA,NA,NA,NA,NA,NA,NA,NA,NA,NA,NA,NA,NA,NA,NA,NA,NA,NA,NA,NA,NA,NA,NA,-70.1512169,44.67049979999999
"Bryant Pond, ME",Whitman Homestead,1835,Jonathan D. Poor,mural,Lipman,NA,NA,NA,NA,NA,NA,NA,NA,NA,NA,NA,NA,NA,NA,NA,NA,NA,NA,NA,NA,NA,NA,NA,NA,NA,NA,NA,NA,NA,NA,NA,NA,NA,NA,NA,NA,-70.5994659,44.4010489
"Vienna, ME",Nathaniel Whittier House,1833,Jonathan D. Poor,mural,tradition,NA,NA,NA,NA,NA,NA,NA,NA,NA,NA,NA,NA,NA,NA,NA,NA,NA,NA,NA,NA,NA,NA,NA,NA,NA,NA,NA,NA,NA,NA,NA,NA,NA,NA,NA,NA,-69.9847779,44.5333976
"Vienna, ME",Gilman Batchelder House,1833,Jonathan D. Poor,mural,tradition,NA,NA,NA,NA,NA,NA,NA,NA,NA,NA,NA,NA,NA,NA,NA,NA,NA,NA,NA,NA,NA,NA,NA,NA,NA,NA,NA,NA,NA,NA,NA,NA,NA,NA,NA,NA,-69.9847779,44.5333976
"Vienna, ME",Unidentified House,1833,Jonathan D. Poor,mural,tradition,NA,NA,NA,NA,NA,NA,NA,NA,NA,NA,NA,NA,NA,NA,NA,NA,NA,NA,NA,NA,NA,NA,NA,NA,NA,NA,NA,NA,NA,NA,NA,NA,NA,NA,NA,NA,-69.9847779,44.5333976
"Chesterville, ME",Thomas Austin House,1834,Jonathan D. Poor,mural,tradition,NA,NA,NA,NA,NA,NA,NA,NA,NA,NA,NA,NA,NA,NA,NA,NA,NA,NA,NA,NA,NA,NA,NA,NA,NA,NA,NA,NA,NA,NA,NA,NA,NA,NA,NA,NA,-70.0861692,44.55117449999999
"Mt. Vernon, ME",Arthur Gordon House,1835,Jonathan D. Poor,mural,tradition,NA,NA,NA,NA,NA,NA,NA,NA,NA,NA,NA,NA,NA,NA,NA,NA,NA,NA,NA,NA,NA,NA,NA,NA,NA,NA,NA,NA,NA,NA,NA,NA,NA,NA,NA,NA,-69.987555,44.5011761
"Turner, ME",Unidentified House,1830,Orison Wood,mural,Lipman,NA,NA,NA,NA,NA,NA,NA,NA,NA,NA,NA,NA,NA,NA,NA,NA,NA,NA,NA,NA,NA,NA,NA,NA,NA,NA,NA,NA,NA,NA,NA,NA,NA,NA,NA,NA,-70.2561671,44.2564588
"Lyme, NH",Dennis House,1825,Porter School,mural,Lipman,NA,NA,NA,NA,NA,NA,NA,NA,NA,NA,NA,NA,NA,NA,NA,NA,NA,NA,NA,NA,NA,NA,NA,NA,NA,NA,NA,NA,NA,NA,NA,NA,NA,NA,NA,NA,-72.1559219,43.8095142
"Portland, ME",Ellis Place,1827,Porter School,mural,Lipman,NA,NA,NA,NA,NA,NA,NA,NA,NA,NA,NA,NA,NA,NA,NA,NA,NA,NA,NA,NA,NA,NA,NA,NA,NA,NA,NA,NA,NA,NA,NA,NA,NA,NA,NA,NA,-70.2568189,43.6590993
"Billerica, MA",Dyer House,1830,Porter School,mural,Lipman,NA,NA,NA,NA,NA,NA,NA,NA,NA,NA,NA,NA,NA,NA,NA,NA,NA,NA,NA,NA,NA,NA,NA,NA,NA,NA,NA,NA,NA,NA,NA,NA,NA,NA,NA,NA,-71.2689461,42.5584218
"West Boxford, MA",Hovey House,1838,Porter School,mural,Lipman,NA,NA,NA,NA,NA,NA,NA,NA,NA,NA,NA,NA,NA,NA,NA,NA,NA,NA,NA,NA,NA,NA,NA,NA,NA,NA,NA,NA,NA,NA,NA,NA,NA,NA,NA,NA,-71.0642623,42.707627
"Wakefield, MA",Lilly Eaton House,1835,Porter School,mural,Lipman,NA,NA,NA,NA,NA,NA,NA,NA,NA,NA,NA,NA,NA,NA,NA,NA,NA,NA,NA,NA,NA,NA,NA,NA,NA,NA,NA,NA,NA,NA,NA,NA,NA,NA,NA,NA,-71.0723391,42.5039395
"West Mt. Vernon, ME",Unidentified House,1835,Jonathan D. Poor,mural,Lipman,NA,NA,NA,NA,NA,NA,NA,NA,NA,NA,NA,NA,NA,NA,NA,NA,NA,NA,NA,NA,NA,NA,NA,NA,NA,NA,NA,NA,NA,NA,NA,NA,NA,NA,NA,NA,-70.0153325,44.45312149999999
"West Mt. Vernon, ME",Leon H. Marr House,1835,Jonathan D. Poor,mural,Lipman,NA,NA,NA,NA,NA,NA,NA,NA,NA,NA,NA,NA,NA,NA,NA,NA,NA,NA,NA,NA,NA,NA,NA,NA,NA,NA,NA,NA,NA,NA,NA,NA,NA,NA,NA,NA,-70.0153325,44.45312149999999
"Limerick, ME",Furlong House,1830,Paine,mural,tradition,NA,NA,NA,NA,NA,NA,NA,NA,NA,NA,NA,NA,NA,NA,NA,NA,NA,NA,NA,NA,NA,NA,NA,NA,NA,NA,NA,NA,NA,NA,NA,NA,NA,NA,NA,NA,-70.79367189999999,43.6884112
"Cornish, ME",Thompkins House,1830,Porter School,mural,tradition,NA,NA,NA,NA,NA,NA,NA,NA,NA,NA,NA,NA,NA,NA,NA,NA,NA,NA,NA,NA,NA,NA,NA,NA,NA,NA,NA,NA,NA,NA,NA,NA,NA,NA,NA,NA,-70.8011731,43.80479769999999
"Woburn, MA",Tidd House,1835,Porter School,mural,Lipman,NA,NA,NA,NA,NA,NA,NA,NA,NA,NA,NA,NA,NA,NA,NA,NA,NA,NA,NA,NA,NA,NA,NA,NA,NA,NA,NA,NA,NA,NA,NA,NA,NA,NA,NA,NA,-71.1522765,42.4792618
"Westbrook, ME",Pride House,1851,Granville Fernald,mural,Lipman,NA,NA,NA,NA,NA,NA,NA,NA,NA,NA,NA,NA,NA,NA,NA,NA,NA,NA,NA,NA,NA,NA,NA,NA,NA,NA,NA,NA,NA,NA,NA,NA,NA,NA,NA,NA,-70.3711617,43.6770252
"Farmington, ME",David E. Currier House,1835,Jonathan D. Poor,mural,tradition,NA,NA,NA,NA,NA,NA,NA,NA,NA,NA,NA,NA,NA,NA,NA,NA,NA,NA,NA,NA,NA,NA,NA,NA,NA,NA,NA,NA,NA,NA,NA,NA,NA,NA,NA,NA,-70.1512169,44.67049979999999
"Farmington, ME",Robert C. Bruce House,1830,Jonathan D. Poor and Paine,mural,tradition,NA,NA,NA,NA,NA,NA,NA,NA,NA,NA,NA,NA,NA,NA,NA,NA,NA,NA,NA,NA,NA,NA,NA,NA,NA,NA,NA,NA,NA,NA,NA,NA,NA,NA,NA,NA,-70.1512169,44.67049979999999
"Lewiston, ME",H.O. Wood House,1830,Orison Wood,mural,Lipman,NA,NA,NA,NA,NA,NA,NA,NA,NA,NA,NA,NA,NA,NA,NA,NA,NA,NA,NA,NA,NA,NA,NA,NA,NA,NA,NA,NA,NA,NA,NA,NA,NA,NA,NA,NA,-70.21477639999999,44.100351
"Lewiston, ME",Howard W. Mann House,1830,Orison Wood,mural,Lipman,NA,NA,NA,NA,NA,NA,NA,NA,NA,NA,NA,NA,NA,NA,NA,NA,NA,NA,NA,NA,NA,NA,NA,NA,NA,NA,NA,NA,NA,NA,NA,NA,NA,NA,NA,NA,-70.21477639999999,44.100351
"Standish, ME",Barbara E. Parker House,1830,Paine,mural,tradition,NA,NA,NA,NA,NA,NA,NA,NA,NA,NA,NA,NA,NA,NA,NA,NA,NA,NA,NA,NA,NA,NA,NA,NA,NA,NA,NA,NA,NA,NA,NA,NA,NA,NA,NA,NA,-70.5509356,43.7355927
"East Jaffrey, NH",Don Pierce House,1824,Porter School,mural,Lipman,NA,NA,NA,NA,NA,NA,NA,NA,NA,NA,NA,NA,NA,NA,NA,NA,NA,NA,NA,NA,NA,NA,NA,NA,NA,NA,NA,NA,NA,NA,NA,NA,NA,NA,NA,NA,-72.0231238,42.8139651
"Hancock, NH",Miss Mary and Dr. Fredrika Moore House,1824,Porter School,mural,Lipman,NA,NA,NA,NA,NA,NA,NA,NA,NA,NA,NA,NA,NA,NA,NA,NA,NA,NA,NA,NA,NA,NA,NA,NA,NA,NA,NA,NA,NA,NA,NA,NA,NA,NA,NA,NA,-71.9798565,42.9732129
"Hancock, NH",Cynthia Porter Weston House,1825,Porter School,mural,Lipman,NA,NA,NA,NA,NA,NA,NA,NA,NA,NA,NA,NA,NA,NA,NA,NA,NA,NA,NA,NA,NA,NA,NA,NA,NA,NA,NA,NA,NA,NA,NA,NA,NA,NA,NA,NA,-71.9798565,42.9732129
"Bedford, MA",Carroll Dunham House,1830,Porter School,mural,Lipman,NA,NA,NA,NA,NA,NA,NA,NA,NA,NA,NA,NA,NA,NA,NA,NA,NA,NA,NA,NA,NA,NA,NA,NA,NA,NA,NA,NA,NA,NA,NA,NA,NA,NA,NA,NA,-71.2760089,42.4906231
"Lexington, MA",Joshua Simons House,1830,Porter School,mural,Lipman,NA,NA,NA,NA,NA,NA,NA,NA,NA,NA,NA,NA,NA,NA,NA,NA,NA,NA,NA,NA,NA,NA,NA,NA,NA,NA,NA,NA,NA,NA,NA,NA,NA,NA,NA,NA,-71.2271531,42.4473497
"Buxton, ME",Carroll Rounds House,1830,Porter School,mural,Lipman,NA,NA,NA,NA,NA,NA,NA,NA,NA,NA,NA,NA,NA,NA,NA,NA,NA,NA,TRUE,NA,NA,NA,NA,NA,NA,NA,NA,NA,TRUE,TRUE,TRUE,NA,NA,NA,NA,TRUE,-70.5189422,43.6378583
"Buxton, ME",A.I. Poulsen House,1830,Porter School,mural,Lipman,NA,NA,NA,NA,NA,NA,NA,NA,NA,NA,NA,NA,NA,NA,NA,NA,NA,NA,NA,NA,NA,NA,NA,NA,NA,NA,NA,NA,NA,NA,NA,NA,NA,NA,NA,NA,-70.5189422,43.6378583
"Georgetown, MA",G. Arthur Merrill House,1832,Porter School,mural,Lipman,NA,NA,NA,NA,NA,NA,NA,NA,NA,NA,NA,NA,NA,NA,NA,NA,NA,NA,NA,NA,NA,NA,NA,NA,NA,NA,NA,NA,NA,NA,NA,NA,NA,NA,NA,NA,-70.99116590000001,42.7250918
"Georgetown, MA",Ethel M. Fredrick House,1832,Porter School,mural,Lipman,NA,NA,NA,NA,NA,NA,NA,NA,NA,NA,NA,NA,NA,NA,NA,NA,NA,NA,NA,NA,NA,NA,NA,NA,NA,NA,NA,NA,NA,NA,NA,NA,NA,NA,NA,NA,-70.99116590000001,42.7250918
"Andover, MA",Poor-Perry House,1835,Porter School,mural,Lipman,NA,NA,NA,NA,NA,NA,NA,NA,NA,NA,NA,NA,NA,NA,NA,NA,NA,NA,NA,NA,NA,NA,NA,NA,NA,NA,NA,NA,NA,NA,NA,NA,NA,NA,NA,NA,-71.1367953,42.6583356
"North Reading, MA",Frances Shay Mague House,1835,Porter School,mural,Lipman,NA,NA,NA,NA,NA,NA,NA,NA,NA,NA,NA,NA,NA,NA,NA,NA,NA,NA,NA,NA,NA,NA,NA,NA,NA,NA,NA,NA,NA,NA,NA,NA,NA,NA,NA,NA,-71.0786653,42.5750939
"Groton, MA",Dr. Harold Ayers House,1835,Jonathan D. Poor,mural,Lipman,NA,NA,NA,NA,NA,NA,NA,NA,NA,NA,NA,NA,NA,NA,NA,NA,NA,NA,NA,NA,NA,NA,NA,NA,NA,NA,NA,NA,NA,NA,NA,NA,NA,NA,NA,NA,-71.5745152,42.6112018
"Harvard, MA",Whitney House,1830,Porter School,mural,Lipman,NA,NA,NA,NA,NA,NA,NA,NA,NA,NA,NA,NA,NA,NA,NA,NA,NA,NA,TRUE,TRUE,NA,NA,NA,NA,NA,NA,NA,NA,NA,NA,NA,NA,NA,NA,NA,NA,-71.5828444,42.5000919
"North Haverhill, NH",Harold Kimball House,1825,Porter School,mural,Lipman,NA,NA,NA,NA,NA,NA,NA,NA,NA,NA,NA,NA,NA,NA,NA,NA,NA,NA,NA,NA,NA,NA,NA,NA,NA,NA,NA,NA,NA,NA,NA,NA,NA,NA,NA,NA,-72.0201877,44.0839848
"Georgetown, MA",Pierce (Judge) House,1832,Porter School,mural,Lipman,NA,NA,TRUE,NA,NA,NA,NA,TRUE,NA,NA,NA,NA,NA,NA,TRUE,NA,NA,NA,NA,NA,NA,TRUE,NA,NA,NA,NA,NA,NA,NA,NA,NA,NA,NA,NA,NA,NA,-70.99116590000001,42.7250918
"Chesterville, ME",Captain Thomas Williams House,1834,Jonathan D. Poor,mural,tradition,NA,TRUE,TRUE,NA,NA,NA,NA,NA,NA,NA,NA,NA,NA,NA,NA,NA,NA,NA,NA,NA,NA,NA,TRUE,NA,NA,TRUE,TRUE,NA,NA,TRUE,TRUE,NA,NA,NA,NA,NA,-70.0861692,44.55117449999999
"Haverhill, NH",Grace D. Wilson-Lavery House,1825,Porter School,mural,Lipman,NA,NA,NA,NA,NA,NA,NA,NA,NA,NA,NA,NA,NA,NA,NA,NA,NA,NA,NA,NA,NA,NA,NA,NA,NA,NA,NA,NA,NA,NA,NA,NA,NA,NA,NA,NA,-72.0639781,44.0345102
"Bedford, MA",Jonas Monroe House,1830,Porter School,mural,Lipman,NA,NA,TRUE,NA,NA,NA,NA,NA,NA,NA,NA,NA,NA,TRUE,TRUE,NA,NA,NA,NA,NA,NA,NA,NA,NA,NA,NA,NA,NA,NA,NA,NA,NA,NA,NA,NA,NA,-71.2760089,42.4906231
"Winthrop, ME",Frank Hanson House,1830,E.V. Bennett,mural,signed,NA,NA,NA,NA,NA,NA,NA,NA,NA,NA,NA,NA,NA,NA,NA,NA,NA,NA,NA,NA,NA,NA,NA,NA,NA,NA,NA,NA,NA,NA,NA,NA,NA,NA,NA,NA,-69.9769721,44.3050332
"Wakefield, MA",Thomas Walton House,1835,Porter School,mural,Lipman,NA,NA,NA,NA,NA,NA,NA,NA,NA,NA,NA,NA,NA,NA,NA,NA,NA,NA,NA,NA,NA,NA,NA,NA,NA,NA,NA,NA,NA,NA,NA,NA,NA,NA,NA,NA,-71.0723391,42.5039395
"Farmington, ME",David Ingham House,1830,Jonathan D. Poor and Paine,mural,tradition,NA,NA,NA,NA,NA,NA,NA,NA,NA,NA,NA,NA,NA,NA,NA,NA,NA,NA,NA,NA,NA,NA,NA,NA,NA,NA,NA,NA,NA,NA,NA,NA,NA,NA,NA,NA,-70.1512169,44.67049979999999
"North Haverhill, NH",Leslie Lackie House,1825,Porter School,mural,Lipman,NA,NA,NA,NA,NA,NA,NA,NA,NA,NA,NA,NA,NA,NA,NA,NA,NA,NA,NA,NA,NA,NA,NA,NA,NA,NA,NA,NA,NA,NA,NA,NA,NA,NA,NA,NA,-72.0201877,44.0839848
"West Boxford, MA",Joseph Burgson House,1838,Porter School,mural,Lipman,NA,NA,NA,NA,NA,NA,NA,NA,NA,NA,NA,NA,NA,NA,NA,NA,NA,NA,NA,NA,NA,NA,NA,NA,NA,NA,NA,NA,NA,NA,NA,NA,NA,NA,NA,NA,-71.0642623,42.707627
"Boston, MA",Beacon Hill Boarding House,1843,Porter School,mural,Lipman,NA,NA,NA,NA,NA,NA,NA,NA,NA,NA,NA,NA,NA,NA,NA,NA,NA,NA,NA,NA,NA,NA,NA,NA,NA,NA,NA,NA,NA,NA,NA,NA,NA,NA,NA,NA,-71.0588801,42.3600825
"New Sharon, ME",Robert C. Bruce House,1840,Jonathan D. Poor,mural,tradition,NA,NA,NA,NA,NA,NA,NA,NA,NA,NA,NA,NA,NA,NA,NA,NA,NA,NA,NA,NA,NA,NA,NA,NA,NA,NA,NA,NA,NA,NA,NA,NA,NA,NA,NA,NA,-70.0154885,44.6393784
"North Parsonfield, ME",Frank Chapman House,1830,Jonathan D. Poor and Paine,mural,tradition,NA,NA,NA,NA,NA,NA,NA,NA,NA,NA,NA,NA,NA,NA,NA,NA,NA,NA,NA,NA,NA,NA,NA,NA,NA,NA,NA,NA,NA,NA,NA,NA,NA,NA,NA,NA,-70.9225644,43.7572986
"Monmouth, ME",Simon Martson House,1830,Porter School,mural,Lipman,NA,NA,NA,NA,NA,NA,NA,NA,NA,NA,NA,NA,NA,NA,NA,NA,NA,NA,NA,NA,NA,NA,NA,NA,NA,NA,NA,NA,NA,NA,NA,NA,NA,NA,NA,NA,-70.03560689999999,44.238682
"Merrimacport, MA",Edward Gibbin House,1830,Porter School,mural,Lipman,NA,NA,NA,NA,NA,NA,NA,NA,NA,NA,NA,NA,NA,NA,NA,NA,NA,NA,NA,NA,NA,NA,NA,NA,NA,NA,NA,NA,NA,NA,NA,NA,NA,NA,NA,NA,-70.9883893,42.827868
"Limerick, ME",McDonald Inn,1830,Paine,mural,tradition,NA,NA,NA,NA,NA,NA,NA,NA,NA,NA,NA,NA,NA,NA,NA,NA,NA,NA,NA,NA,NA,NA,NA,NA,NA,NA,NA,NA,NA,NA,NA,NA,NA,NA,NA,NA,-70.79367189999999,43.6884112
"Dover, NH",Neighborhood House,1825,Porter School,mural,Lipman,NA,NA,NA,NA,NA,NA,NA,NA,NA,NA,NA,NA,NA,NA,NA,NA,NA,NA,NA,NA,NA,NA,NA,NA,NA,NA,NA,NA,NA,NA,NA,NA,NA,NA,NA,NA,-70.8736698,43.1978624
"Merrimac, MA",Sargent House,1830,Porter School,mural,Lipman,NA,NA,NA,NA,NA,NA,NA,NA,NA,NA,NA,NA,NA,NA,NA,NA,NA,NA,NA,NA,NA,NA,NA,NA,NA,NA,NA,NA,NA,NA,NA,NA,NA,NA,NA,NA,-71.0005509,42.8340582
"Gorham, ME",Dr. Files House,1830,Porter School,mural,Lipman,NA,NA,NA,NA,NA,NA,NA,NA,NA,NA,NA,NA,NA,NA,NA,NA,NA,NA,NA,NA,NA,NA,NA,NA,NA,NA,NA,NA,NA,NA,NA,NA,NA,NA,NA,NA,-70.44422519999999,43.67953139999999
"Chesterville, ME",Benjamin Bacheller House,1834,Jonathan D. Poor,mural,signed,TRUE,NA,NA,NA,TRUE,NA,NA,NA,NA,NA,NA,NA,NA,NA,NA,NA,NA,NA,TRUE,NA,NA,NA,NA,NA,NA,NA,NA,NA,NA,TRUE,NA,NA,NA,NA,TRUE,TRUE,-70.0861692,44.55117449999999
"Lyme, NH",Perkins-Simmons House,1825,Porter School,mural,Lipman,NA,NA,NA,NA,NA,NA,NA,NA,NA,NA,NA,NA,NA,NA,NA,NA,NA,NA,NA,NA,NA,NA,NA,NA,NA,NA,NA,NA,NA,NA,NA,NA,NA,NA,NA,NA,-72.1559219,43.8095142
"Woburn, MA",Shaker Glenn Inn,1835,Rufus Porter,mural,signed,NA,NA,NA,NA,NA,NA,NA,NA,NA,NA,NA,NA,NA,NA,NA,NA,NA,NA,NA,NA,NA,NA,NA,NA,NA,NA,NA,NA,NA,NA,NA,NA,NA,NA,NA,NA,-71.1522765,42.4792618
"Gorham, ME",Fox House,1851,Granville Fernald,mural,Lipman,NA,NA,NA,NA,NA,NA,NA,NA,NA,NA,NA,NA,NA,NA,NA,NA,NA,NA,NA,NA,NA,NA,NA,NA,NA,NA,NA,NA,NA,NA,NA,NA,NA,NA,NA,NA,-70.44422519999999,43.67953139999999
"Mason, NH",Jonathan Batchelder House,1825,Porter School,mural,Lipman,NA,NA,NA,NA,NA,NA,NA,NA,NA,NA,NA,NA,NA,NA,NA,NA,NA,NA,NA,NA,NA,NA,NA,NA,NA,NA,NA,NA,NA,NA,NA,NA,NA,NA,NA,NA,-71.76888679999999,42.7431782
"Chesterville, ME",Lyman Whittier House,1834,Jonathan D. Poor,mural,tradition,NA,NA,NA,NA,NA,NA,NA,NA,NA,NA,NA,NA,NA,NA,NA,NA,NA,NA,NA,NA,NA,NA,NA,NA,NA,NA,NA,NA,NA,NA,NA,NA,NA,NA,NA,NA,-70.0861692,44.55117449999999
"Farmington, ME",Gerald York House,1835,Jonathan D. Poor,mural,tradition,NA,NA,NA,NA,NA,NA,NA,NA,NA,NA,NA,NA,NA,NA,NA,NA,NA,NA,NA,NA,NA,NA,NA,NA,NA,NA,NA,NA,NA,NA,NA,NA,NA,NA,NA,NA,-70.1512169,44.67049979999999
"North Parsonfield, ME",Helen Cating House,1830,Jonathan D. Poor and Paine,mural,tradition,TRUE,NA,NA,TRUE,NA,TRUE,NA,NA,NA,NA,NA,NA,NA,TRUE,NA,NA,TRUE,NA,NA,NA,NA,NA,NA,TRUE,NA,TRUE,NA,NA,TRUE,NA,NA,NA,TRUE,NA,NA,NA,-70.9225644,43.7572986
"North Parsonfield, ME",Dr. William Reid House,1830,Jonathan D. Poor and Paine,mural,tradition,NA,NA,NA,NA,NA,NA,NA,NA,NA,NA,NA,NA,NA,NA,NA,NA,NA,NA,NA,NA,NA,NA,NA,NA,NA,NA,NA,NA,NA,NA,NA,NA,NA,NA,NA,NA,-70.9225644,43.7572986
"Greenfield, NH",James T. Garvin House,1825,Porter School,mural,Lipman,NA,NA,NA,NA,NA,NA,NA,NA,NA,NA,NA,NA,NA,NA,NA,NA,NA,NA,NA,NA,NA,NA,NA,NA,NA,NA,NA,NA,NA,NA,NA,NA,NA,NA,NA,NA,-71.8723003,42.9506384
"Greenfield, NH",Eliot Hutchinson House,1825,Porter School,mural,Lipman,NA,NA,NA,NA,NA,NA,NA,NA,NA,NA,NA,NA,NA,NA,NA,NA,NA,NA,NA,NA,NA,NA,NA,NA,NA,NA,NA,NA,NA,NA,NA,NA,NA,NA,NA,NA,-71.8723003,42.9506384
"New Ipswich, NH",Gould-Chickering House,1825,Porter School,mural,Lipman,NA,NA,NA,NA,NA,NA,NA,NA,NA,NA,NA,NA,NA,NA,NA,NA,NA,NA,NA,NA,NA,NA,NA,NA,NA,NA,NA,NA,NA,NA,NA,NA,NA,NA,NA,NA,-71.8808499,42.7362307
"Bedford, MA",Penniman-Stearns House,1830,Porter School,mural,Lipman,NA,NA,NA,NA,NA,NA,NA,NA,NA,NA,NA,NA,NA,NA,NA,NA,TRUE,NA,NA,NA,NA,NA,NA,NA,NA,NA,NA,NA,NA,NA,NA,NA,NA,NA,NA,NA,-71.2760089,42.4906231
"Billerica, MA",Donald Schult House,1830,Porter School,mural,Lipman,NA,NA,NA,NA,NA,NA,NA,NA,NA,NA,NA,NA,NA,NA,NA,NA,NA,NA,NA,NA,NA,NA,NA,NA,NA,NA,NA,NA,NA,NA,NA,NA,NA,NA,NA,NA,-71.2689461,42.5584218
"Billerica, MA",Lyons House,1830,Porter School,mural,Lipman,NA,NA,NA,NA,NA,NA,NA,NA,NA,NA,NA,NA,NA,NA,NA,NA,NA,NA,NA,NA,NA,NA,NA,NA,NA,NA,NA,NA,NA,NA,NA,NA,NA,NA,NA,NA,-71.2689461,42.5584218
"Billerica, MA",Manning Manse,1830,Porter School,mural,Lipman,NA,NA,NA,NA,NA,NA,NA,NA,NA,NA,NA,NA,NA,NA,NA,NA,NA,NA,NA,NA,NA,NA,NA,NA,NA,NA,NA,NA,NA,NA,NA,NA,NA,NA,NA,NA,-71.2689461,42.5584218
"Groveland, MA",Spofford House,1830,Porter School,mural,Lipman,NA,NA,NA,NA,NA,NA,NA,NA,NA,NA,NA,NA,NA,NA,NA,NA,NA,NA,NA,NA,NA,NA,NA,NA,NA,NA,NA,NA,NA,NA,NA,NA,NA,NA,NA,NA,-71.0314451,42.76036879999999
"Groveland, MA",Edna Worthing Cottage,1830,Porter School,mural,Lipman,NA,NA,NA,NA,NA,NA,NA,NA,NA,NA,NA,NA,NA,NA,NA,NA,NA,NA,NA,NA,NA,NA,NA,NA,NA,NA,NA,NA,NA,NA,NA,NA,NA,NA,NA,NA,-71.0314451,42.76036879999999
"South Bridgton, ME",Ingalls House,1830,Porter School,mural,Lipman,NA,NA,NA,NA,NA,NA,NA,NA,NA,NA,NA,NA,NA,NA,NA,NA,NA,NA,NA,NA,NA,NA,NA,NA,NA,NA,NA,NA,NA,NA,NA,NA,NA,NA,NA,NA,-70.7081168,43.9914601
"Georgetown, MA",Pingree House,1832,Porter School,mural,Lipman,NA,NA,NA,NA,NA,NA,NA,NA,NA,NA,NA,NA,NA,NA,NA,NA,NA,NA,NA,NA,NA,NA,NA,NA,NA,NA,NA,NA,NA,NA,NA,NA,NA,NA,NA,NA,-70.99116590000001,42.7250918
"Georgetown, MA",John C. Wilkins House,1832,Porter School,mural,Lipman,NA,NA,NA,NA,NA,NA,NA,NA,NA,NA,NA,NA,NA,NA,NA,NA,NA,NA,NA,NA,NA,NA,NA,NA,NA,NA,NA,NA,NA,NA,NA,NA,NA,NA,NA,NA,-70.99116590000001,42.7250918
"Charlestown, MA",Levi Prosser House,1835,Porter School,mural,Lipman,NA,NA,NA,NA,NA,NA,NA,NA,NA,NA,NA,NA,NA,NA,NA,NA,NA,NA,NA,NA,NA,NA,NA,NA,NA,NA,NA,NA,NA,NA,NA,NA,NA,NA,NA,NA,-71.0615977,42.37865559999999
"North Reading, MA",House near Route 28,1835,Porter School,mural,Lipman,NA,NA,NA,NA,NA,NA,NA,NA,NA,NA,NA,NA,NA,NA,NA,NA,NA,NA,NA,NA,NA,NA,NA,NA,NA,NA,NA,NA,NA,NA,NA,NA,NA,NA,NA,NA,-71.0786653,42.5750939
"Wakefield, MA",Franklin Poole House,1835,Porter School,mural,Lipman,NA,NA,NA,NA,NA,NA,NA,NA,NA,NA,NA,NA,NA,NA,NA,NA,NA,NA,NA,NA,NA,NA,NA,NA,NA,NA,NA,NA,NA,NA,NA,NA,NA,NA,NA,NA,-71.0723391,42.5039395
"Wakefield, MA",Kenneth Odiorne House,1835,Porter School,mural,Lipman,NA,NA,NA,NA,NA,NA,NA,NA,NA,NA,NA,NA,NA,NA,NA,NA,NA,NA,NA,NA,NA,NA,NA,NA,NA,NA,NA,NA,NA,NA,NA,NA,NA,NA,NA,NA,-71.0723391,42.5039395
"Hancock, NH",John Hancock Inn,1825,Porter School,mural,Lipman,NA,NA,NA,NA,NA,NA,NA,NA,NA,NA,NA,NA,NA,NA,NA,NA,NA,NA,NA,NA,NA,NA,NA,NA,NA,NA,NA,NA,NA,NA,NA,NA,NA,NA,NA,NA,-71.9798565,42.9732129
"Wakefield, MA",Emerson House,1835,Rufus Porter,mural,signed,NA,NA,NA,NA,NA,NA,NA,NA,NA,NA,NA,TRUE,NA,TRUE,TRUE,NA,NA,TRUE,NA,NA,TRUE,NA,NA,NA,TRUE,TRUE,NA,NA,NA,NA,NA,NA,NA,NA,NA,TRUE,-71.0723391,42.5039395
"Standish, ME",Warren Pederson House,1830,Jonathan D. Poor,mural,signed,TRUE,TRUE,NA,NA,NA,NA,TRUE,NA,NA,NA,NA,NA,NA,TRUE,NA,TRUE,NA,NA,NA,NA,NA,NA,NA,NA,NA,NA,NA,NA,TRUE,NA,TRUE,TRUE,TRUE,NA,TRUE,TRUE,-70.5509356,43.7355927
"Readfield, ME",Judge Bean House,1835,Jonathan D. Poor,mural,signed,NA,TRUE,NA,NA,NA,TRUE,NA,NA,NA,NA,NA,NA,NA,TRUE,NA,NA,NA,NA,NA,NA,NA,NA,TRUE,TRUE,NA,NA,NA,NA,NA,TRUE,TRUE,NA,TRUE,NA,NA,TRUE,-69.9667188,44.3878453
"Parsonfield, ME",Dalton House,1830,Jonathan D. Poor,mural,signed,NA,NA,NA,TRUE,NA,TRUE,NA,TRUE,NA,NA,NA,NA,NA,TRUE,NA,NA,NA,NA,TRUE,NA,NA,NA,NA,NA,NA,NA,NA,NA,NA,TRUE,TRUE,NA,TRUE,NA,NA,TRUE,-70.9286755,43.72702140000001
"Parsonfield, ME",Chillis (Morison) House,1830,Jonathan D. Poor,mural,signed,NA,TRUE,NA,NA,NA,TRUE,NA,NA,NA,NA,NA,NA,NA,TRUE,NA,NA,NA,NA,TRUE,NA,NA,NA,NA,TRUE,NA,NA,NA,NA,TRUE,TRUE,TRUE,NA,TRUE,TRUE,NA,TRUE,-70.9286755,43.72702140000001
"East Haverhill, MA",Ingalls-Colby House,1830,Porter School,mural,Lipman,NA,NA,TRUE,NA,NA,NA,NA,TRUE,TRUE,TRUE,NA,NA,TRUE,TRUE,NA,NA,TRUE,NA,NA,TRUE,NA,TRUE,NA,TRUE,TRUE,TRUE,NA,NA,NA,NA,NA,NA,NA,NA,TRUE,TRUE,-71.1047486,42.7503042
"Mt. Vernon, ME",Burbank House,1835,Jonathan D. Poor,mural,tradition,NA,NA,NA,NA,NA,NA,NA,NA,NA,NA,NA,NA,NA,NA,NA,NA,NA,NA,TRUE,NA,NA,NA,NA,NA,NA,NA,NA,NA,NA,NA,TRUE,NA,TRUE,NA,NA,TRUE,-69.987555,44.5011761
"Westwood, MA",E.A. West House,1838,Rufus Porter and Stephen Twombly Porter,mural,tradition,NA,NA,NA,NA,NA,NA,NA,TRUE,NA,NA,NA,NA,NA,NA,NA,NA,NA,NA,NA,TRUE,NA,NA,NA,NA,NA,NA,NA,NA,NA,NA,NA,NA,NA,NA,NA,NA,-71.2244987,42.21398730000001
"Winthrop, ME",Knowlton House,1830,E.J. Gilbert,mural,signed,NA,NA,NA,NA,TRUE,NA,NA,NA,NA,NA,NA,NA,NA,NA,NA,NA,NA,NA,NA,NA,NA,NA,NA,NA,NA,NA,TRUE,NA,NA,NA,NA,NA,NA,NA,NA,NA,-69.9769721,44.3050332
"Turner, ME",Captain Leavitt House,1830,Orison Wood,mural,Lipman,NA,NA,NA,NA,NA,NA,NA,NA,NA,NA,NA,NA,NA,NA,NA,NA,NA,NA,NA,NA,NA,NA,TRUE,NA,NA,NA,NA,NA,NA,TRUE,NA,NA,TRUE,NA,TRUE,TRUE,-70.2561671,44.2564588
"Fryeburg, ME",Warren-Towle House,1830,Porter School,mural,Lipman,NA,NA,NA,NA,NA,NA,NA,NA,NA,NA,NA,NA,NA,NA,NA,NA,NA,NA,NA,NA,NA,NA,NA,NA,NA,NA,NA,NA,NA,NA,NA,NA,NA,NA,NA,NA,-70.9806357,44.0164329
"Lyme, NH",Kent House,1825,Porter School,mural,Lipman,TRUE,NA,NA,TRUE,NA,NA,NA,TRUE,NA,NA,NA,NA,NA,TRUE,NA,TRUE,TRUE,NA,NA,NA,NA,TRUE,TRUE,TRUE,NA,NA,NA,NA,TRUE,TRUE,NA,NA,NA,TRUE,NA,NA,-72.1559219,43.8095142
"Groveland, MA","Stephen Parker, Jr. House",1830,Porter School,mural,Lefko,NA,NA,TRUE,NA,NA,NA,NA,NA,TRUE,TRUE,NA,NA,NA,NA,TRUE,NA,NA,NA,NA,TRUE,NA,TRUE,NA,TRUE,NA,TRUE,NA,NA,NA,NA,NA,NA,NA,NA,NA,TRUE,-71.0314451,42.76036879999999
"Westwood, MA",Timothy Smith House,1835,Porter School,mural,Lefko,NA,NA,TRUE,NA,NA,NA,NA,NA,NA,NA,NA,NA,NA,NA,NA,NA,NA,NA,NA,TRUE,NA,NA,NA,NA,NA,NA,NA,NA,NA,NA,NA,NA,NA,NA,NA,NA,-71.2244987,42.21398730000001
"Amesbury, MA",Bartlett (Abraham Colby) House,1830,Porter School,mural,Lipman,NA,NA,TRUE,NA,NA,NA,TRUE,TRUE,NA,NA,NA,TRUE,TRUE,NA,TRUE,NA,TRUE,NA,NA,TRUE,NA,NA,NA,NA,NA,NA,NA,NA,NA,NA,NA,NA,NA,NA,NA,NA,-70.93003759999999,42.85839250000001
"Farmington Falls, ME",Russ House,1830,Jonathan D. Poor and Paine,mural,tradition,NA,TRUE,NA,NA,NA,TRUE,NA,NA,NA,NA,NA,NA,NA,NA,NA,NA,TRUE,NA,TRUE,TRUE,NA,NA,TRUE,TRUE,NA,TRUE,NA,NA,NA,TRUE,TRUE,NA,TRUE,NA,NA,TRUE,-70.0737773,44.6214543
"Pepperell, MA",Artemas Hemenway Tavern,1830,Porter School,mural,Lefko,TRUE,NA,TRUE,TRUE,NA,NA,TRUE,NA,NA,NA,TRUE,NA,NA,NA,NA,NA,NA,NA,NA,NA,TRUE,NA,NA,NA,NA,NA,NA,NA,NA,NA,NA,TRUE,NA,NA,NA,NA,-71.5884363,42.66592319999999
"Strong, ME",William McCleary House,1835,Jonathan D. Poor,mural,tradition,TRUE,TRUE,NA,NA,TRUE,TRUE,NA,NA,NA,NA,NA,NA,NA,TRUE,NA,NA,NA,NA,TRUE,NA,NA,NA,TRUE,NA,NA,NA,NA,TRUE,TRUE,TRUE,TRUE,NA,TRUE,NA,TRUE,TRUE,-70.2208981,44.8075572
"Winchester, MA",Edmund Parker House,1830,Porter School,mural,Lefko,NA,NA,TRUE,NA,NA,NA,NA,NA,NA,NA,NA,NA,NA,TRUE,NA,NA,NA,NA,TRUE,NA,NA,TRUE,TRUE,NA,NA,TRUE,NA,NA,NA,NA,NA,NA,NA,NA,TRUE,NA,-71.1369959,42.452303
"Mason, NH",Asher Tarbell House,1825,Porter School,mural,Lipman,NA,NA,NA,NA,NA,NA,NA,NA,NA,NA,NA,NA,NA,TRUE,NA,NA,NA,NA,NA,NA,NA,NA,NA,NA,NA,NA,NA,NA,NA,NA,NA,NA,NA,NA,TRUE,TRUE,-71.76888679999999,42.7431782
"Farmington, ME",Benjamin Stanley House,1835,Jonathan D. Poor,mural,tradition,TRUE,NA,NA,NA,NA,NA,NA,NA,NA,NA,TRUE,NA,NA,NA,NA,NA,NA,NA,NA,NA,NA,NA,NA,NA,NA,NA,NA,NA,TRUE,NA,NA,NA,TRUE,NA,NA,NA,-70.1512169,44.67049979999999
"New Ipswich, NH",Solomon Russell House,1825,Porter School,mural,Lipman,NA,NA,NA,NA,NA,NA,NA,NA,TRUE,NA,NA,NA,NA,TRUE,NA,TRUE,NA,NA,NA,NA,NA,NA,NA,NA,NA,NA,NA,NA,NA,NA,NA,NA,NA,NA,NA,NA,-71.8808499,42.7362307
"Orford, NH",Hinckley House,1824,Porter School,mural,Lipman,NA,NA,TRUE,NA,NA,NA,NA,NA,NA,NA,NA,NA,NA,NA,NA,NA,TRUE,TRUE,NA,NA,NA,NA,NA,NA,NA,TRUE,NA,NA,NA,NA,NA,NA,NA,TRUE,NA,NA,-72.1417216,43.9014167
"North Leeds, ME",Barker House,1835,Porter School,mural,Lefko,NA,TRUE,NA,NA,TRUE,NA,NA,NA,NA,NA,NA,NA,NA,NA,NA,NA,NA,NA,TRUE,NA,NA,NA,TRUE,NA,NA,NA,NA,NA,NA,NA,TRUE,NA,TRUE,NA,NA,TRUE,-70.1311661,44.3434014
"Farmington, ME",Dyer/Currier House,1830,Jonathan D. Poor and Paine,mural,tradition,TRUE,TRUE,NA,NA,TRUE,NA,NA,NA,NA,NA,NA,NA,NA,NA,NA,NA,NA,NA,NA,NA,NA,NA,TRUE,NA,NA,NA,NA,TRUE,NA,NA,NA,NA,TRUE,NA,NA,NA,-70.1512169,44.67049979999999
"Bridgton, ME",Deacon Libby House,1830,Porter School,mural,Lipman,NA,NA,NA,NA,NA,NA,NA,NA,NA,NA,NA,NA,NA,NA,NA,NA,NA,NA,NA,NA,NA,NA,NA,NA,NA,NA,NA,NA,NA,NA,NA,NA,NA,NA,NA,NA,-70.7128685,44.0548021
"Bedford, MA",Dutton House,1830,Porter School,mural,Lipman,NA,NA,NA,NA,NA,NA,NA,NA,NA,NA,NA,NA,NA,NA,NA,NA,NA,NA,NA,TRUE,NA,NA,NA,TRUE,NA,NA,NA,NA,NA,NA,NA,NA,NA,NA,NA,TRUE,-71.2760089,42.4906231
"Ossipee, NH",Brewster House,1825,Porter School,mural,Lefko,NA,NA,NA,NA,NA,NA,NA,NA,NA,NA,NA,NA,NA,NA,NA,TRUE,NA,NA,NA,NA,NA,NA,NA,NA,NA,NA,NA,NA,NA,NA,NA,NA,NA,NA,NA,NA,-71.1166556,43.6853516
"Sturbridge, MA",Roswell Warner House,1830,Porter School,mural,Lefko,NA,NA,TRUE,NA,NA,NA,NA,NA,NA,NA,NA,NA,TRUE,TRUE,NA,NA,NA,NA,NA,TRUE,NA,TRUE,NA,NA,NA,NA,NA,NA,NA,NA,NA,NA,NA,NA,NA,NA,-72.0787059,42.1084122
"Groveland, MA",Savery Homestead,1830,Porter School,mural,Lipman,NA,NA,NA,NA,NA,NA,NA,TRUE,TRUE,NA,NA,TRUE,TRUE,TRUE,NA,NA,NA,NA,NA,TRUE,NA,NA,NA,NA,TRUE,NA,NA,NA,NA,NA,NA,NA,NA,NA,NA,TRUE,-71.0314451,42.76036879999999
"Harvard, MA",Harvard Inn,1830,Porter School,mural,Lipman,NA,NA,NA,NA,NA,NA,NA,TRUE,NA,NA,NA,NA,NA,TRUE,NA,NA,TRUE,NA,NA,NA,NA,NA,NA,TRUE,NA,NA,NA,NA,NA,NA,NA,NA,NA,NA,NA,TRUE,-71.5828444,42.5000919
"Buckfield, ME",Tobias Ricker House,1835,Porter School,mural,Lefko,NA,NA,NA,NA,TRUE,NA,NA,NA,NA,NA,NA,NA,NA,NA,NA,NA,NA,NA,NA,NA,NA,NA,NA,NA,NA,NA,NA,TRUE,NA,NA,NA,NA,NA,NA,NA,NA,-70.36533589999999,44.2895134
"Thornton, NH",Hackett House,1810,Bears and Pears Artist,mural,Lefko,NA,NA,NA,NA,NA,NA,NA,NA,NA,NA,NA,NA,NA,NA,NA,NA,NA,NA,NA,NA,NA,NA,NA,NA,NA,NA,TRUE,NA,NA,NA,NA,NA,NA,NA,NA,TRUE,-71.6759125,43.8928475
"Westwood, MA",Reuben Guild House,1838,Rufus Porter and Stephen Twombly Porter,mural,Lipman,NA,NA,NA,NA,NA,NA,NA,NA,NA,NA,NA,NA,TRUE,TRUE,NA,NA,TRUE,NA,NA,NA,NA,NA,NA,TRUE,TRUE,NA,NA,NA,NA,NA,NA,NA,NA,NA,NA,NA,-71.2244987,42.21398730000001
"Littleton, NH",Littleton Inn,1810,Bears and Pears Artist,mural,Lefko,NA,NA,NA,NA,NA,NA,NA,NA,NA,NA,NA,NA,NA,NA,NA,NA,NA,NA,NA,NA,NA,NA,NA,NA,NA,NA,NA,NA,NA,NA,NA,NA,NA,NA,NA,NA,-71.7701237,44.3061628
"North Reading, MA",Damon Tavern,1835,Porter School,mural,Lipman,NA,NA,NA,NA,NA,NA,NA,TRUE,NA,NA,NA,NA,TRUE,NA,NA,NA,NA,TRUE,NA,NA,NA,NA,NA,NA,NA,NA,NA,NA,NA,NA,NA,NA,NA,NA,NA,TRUE,-71.0786653,42.5750939
"Readfield, ME",Captain Dudley Haines House,1835,Jonathan D. Poor,mural,tradition,NA,TRUE,NA,NA,TRUE,TRUE,NA,NA,NA,NA,NA,NA,NA,NA,NA,NA,NA,NA,NA,NA,NA,NA,TRUE,NA,NA,NA,NA,NA,NA,TRUE,NA,NA,TRUE,NA,TRUE,TRUE,-69.9667188,44.3878453
"Fayette, ME",Lieutenant John Lovejoy House,1835,Jonathan D. Poor,mural,tradition,NA,NA,NA,NA,NA,NA,NA,NA,NA,NA,NA,NA,NA,TRUE,NA,NA,NA,NA,NA,NA,NA,NA,NA,NA,NA,NA,NA,NA,TRUE,NA,NA,NA,NA,NA,NA,NA,-70.0336654,44.4089558
"East Bath, NH",Noyes-Ide House,1825,Porter School,mural,Lefko,NA,NA,NA,NA,NA,NA,NA,NA,NA,NA,NA,NA,NA,NA,NA,NA,NA,NA,NA,NA,NA,NA,NA,NA,NA,NA,NA,NA,NA,NA,NA,NA,NA,NA,NA,NA,-71.96620089999999,44.1670079
"Harvard, MA",William A. Potter House,1830,Porter School,mural,Lipman,NA,NA,NA,NA,NA,NA,NA,NA,NA,NA,NA,NA,TRUE,TRUE,NA,NA,NA,NA,NA,NA,NA,TRUE,NA,NA,NA,NA,NA,NA,NA,NA,NA,NA,NA,NA,NA,NA,-71.5828444,42.5000919
"Fryeburg, ME",Barrows Homestead,1830,Rufus Porter and Jonathan D. Poor,mural,Lipman,NA,NA,NA,NA,NA,NA,NA,NA,NA,NA,NA,NA,NA,NA,NA,NA,NA,NA,NA,NA,NA,NA,NA,NA,NA,NA,NA,NA,NA,TRUE,NA,NA,TRUE,NA,NA,TRUE,-70.9806357,44.0164329
"Naples, ME",Perley House,1830,Porter School,mural,Lefko,TRUE,TRUE,NA,NA,NA,NA,NA,NA,NA,NA,NA,NA,NA,NA,NA,NA,TRUE,NA,TRUE,NA,NA,NA,NA,NA,NA,NA,NA,NA,TRUE,TRUE,NA,NA,TRUE,NA,TRUE,NA,-70.6180214,43.986313
"West Boxford, MA",John A. Andrew House,1838,Porter School,mural,Lipman,NA,NA,TRUE,NA,NA,NA,NA,NA,NA,NA,NA,TRUE,TRUE,NA,NA,NA,NA,TRUE,TRUE,NA,NA,NA,TRUE,NA,NA,NA,NA,NA,NA,NA,NA,NA,NA,NA,NA,TRUE,-71.0642623,42.707627
"Hancock, NH",Elijah Wyman House,1825,Porter School,mural,Lefko,NA,NA,NA,NA,NA,NA,NA,NA,NA,NA,NA,NA,NA,NA,NA,NA,NA,NA,NA,NA,NA,NA,NA,NA,NA,NA,NA,NA,NA,NA,NA,NA,NA,NA,NA,TRUE,-71.9798565,42.9732129
"Rumford, ME",Hezekiah Hutchins House,1840,Jonathan D. Poor,mural,Lipman,TRUE,NA,NA,NA,NA,TRUE,NA,NA,NA,NA,NA,NA,NA,NA,NA,NA,NA,NA,TRUE,NA,NA,NA,NA,NA,NA,NA,NA,NA,TRUE,TRUE,TRUE,NA,NA,NA,NA,TRUE,-70.55088289999999,44.5536606
"Portland, ME",Deacon John Bailey House,1827,Porter School,mural,Lipman,NA,NA,NA,NA,NA,TRUE,NA,NA,NA,NA,NA,NA,NA,NA,NA,NA,NA,NA,TRUE,NA,NA,NA,NA,NA,NA,NA,NA,NA,TRUE,NA,TRUE,NA,TRUE,NA,NA,TRUE,-70.2568189,43.6590993
"Townsend, MA",Quincy Sylvester House,1830,Porter School,mural,Lefko,NA,NA,TRUE,NA,NA,NA,NA,NA,NA,NA,NA,NA,NA,TRUE,NA,NA,NA,TRUE,NA,NA,NA,NA,NA,NA,NA,NA,NA,NA,NA,NA,NA,NA,NA,NA,NA,TRUE,-71.70512649999999,42.6667718
"Greenfield, NH",Squire Craigin House,1825,Porter School,mural,Lipman,NA,NA,NA,NA,NA,NA,NA,NA,NA,NA,NA,NA,NA,NA,NA,NA,TRUE,NA,NA,TRUE,NA,NA,NA,NA,NA,TRUE,NA,NA,NA,NA,NA,NA,NA,NA,NA,TRUE,-71.8723003,42.9506384
"Surry, NH",Haile House,1825,Porter School,mural,Lefko,NA,NA,NA,NA,NA,NA,NA,NA,NA,NA,NA,NA,NA,NA,NA,NA,NA,NA,NA,NA,NA,NA,NA,NA,NA,NA,NA,NA,NA,NA,NA,NA,NA,NA,NA,NA,-72.3211975,43.0178575
"Westwood, MA",Storer Ware House,1838,Rufus Porter and Stephen Twombly Porter,mural,tradition,NA,NA,NA,NA,NA,NA,NA,NA,NA,NA,NA,NA,NA,TRUE,NA,NA,TRUE,NA,NA,NA,NA,NA,NA,NA,NA,TRUE,NA,NA,NA,NA,NA,NA,NA,NA,NA,TRUE,-71.2244987,42.21398730000001
"Swansea, MA",Mason Barney House,1830,Porter School,mural,Lefko,NA,NA,NA,NA,NA,NA,NA,NA,NA,NA,NA,NA,NA,TRUE,NA,NA,NA,NA,NA,NA,NA,NA,NA,NA,NA,NA,NA,NA,NA,NA,NA,NA,NA,NA,NA,TRUE,-71.1895617,41.748162
"Lisbon, NH",Captain Thomas Dodge House,1810,Bears and Pears Artist,mural,Lefko,NA,NA,NA,NA,NA,NA,NA,NA,NA,NA,NA,NA,NA,NA,NA,NA,NA,NA,NA,NA,NA,NA,NA,NA,NA,NA,NA,NA,NA,NA,NA,NA,NA,NA,NA,NA,-71.9109059,44.2133222
"Durham, ME",Litchfield House,1830,E.J. Gilbert,mural,Lefko,NA,NA,NA,NA,TRUE,NA,NA,NA,NA,NA,NA,NA,NA,NA,NA,NA,NA,NA,NA,NA,NA,NA,NA,NA,NA,NA,TRUE,NA,NA,NA,NA,NA,NA,NA,NA,NA,-70.12299050000001,43.972476
"Norridgewock, ME",Joshua Gilmore House,1830,Quincy,mural,signed,NA,NA,NA,NA,NA,NA,NA,NA,NA,NA,NA,NA,NA,NA,NA,NA,NA,NA,NA,NA,NA,NA,NA,NA,NA,NA,NA,NA,NA,NA,NA,NA,NA,NA,NA,NA,-69.7905955,44.7130794
"Bradford, NH",Joshua Eaton House,1824,"Rufus Porter and Moses Eaton, Jr.",mural,tradition,NA,NA,NA,NA,NA,NA,NA,NA,NA,NA,NA,NA,NA,NA,NA,NA,NA,NA,TRUE,NA,NA,NA,NA,NA,NA,NA,TRUE,NA,NA,NA,NA,NA,NA,NA,TRUE,TRUE,-71.9576292,43.26870479999999
"North Haverhill, NH",Daniel Carr House,1825,Porter School,mural,Lipman,NA,NA,NA,NA,NA,NA,NA,NA,NA,NA,TRUE,NA,NA,NA,NA,NA,NA,NA,TRUE,TRUE,TRUE,NA,TRUE,NA,NA,NA,NA,NA,TRUE,NA,NA,NA,NA,NA,NA,TRUE,-72.0201877,44.0839848
"East Peperell, MA",Coburn Tavern,1824,Porter School,mural,Lipman,NA,NA,NA,NA,NA,NA,NA,NA,NA,NA,NA,NA,NA,NA,NA,NA,NA,NA,NA,NA,NA,NA,NA,NA,NA,NA,NA,NA,NA,NA,NA,NA,NA,NA,NA,NA,-71.5731236,42.6653673
"Farmington, ME",Milton Gay House,1835,Jonathan D. Poor and Paine,mural,tradition,TRUE,TRUE,NA,NA,TRUE,TRUE,NA,NA,NA,NA,TRUE,NA,NA,NA,NA,NA,NA,NA,NA,NA,NA,NA,NA,NA,NA,NA,NA,NA,NA,TRUE,NA,NA,NA,TRUE,NA,NA,-70.1512169,44.67049979999999
"Sebec, ME",Ellerton Jette House,1824,"Rufus Porter and Moses Eaton, Jr.",mural,Lipman,NA,NA,NA,NA,NA,NA,NA,NA,NA,NA,NA,NA,NA,NA,NA,NA,NA,NA,NA,NA,NA,NA,NA,NA,NA,NA,NA,NA,NA,NA,NA,NA,NA,NA,NA,NA,-69.1167087,45.27144080000001
"North Reading, MA",Van Heusen Seventeenth-Century Farms,1835,Porter School,mural,Lipman,NA,NA,NA,NA,NA,NA,NA,NA,NA,NA,NA,NA,NA,NA,NA,NA,NA,NA,NA,NA,NA,NA,NA,NA,NA,NA,NA,NA,NA,NA,NA,NA,NA,NA,NA,NA,-71.0786653,42.5750939
"Lunenburg, MA",Faith Gardner House,1830,Porter School,mural,Lipman,NA,NA,NA,NA,NA,NA,NA,NA,NA,NA,NA,NA,NA,NA,NA,NA,NA,NA,NA,NA,NA,TRUE,NA,NA,NA,NA,NA,NA,NA,NA,NA,NA,NA,NA,TRUE,NA,-71.7245035,42.5945273
"Harvard, MA",Fruitlands Museums,1830,Porter School,mural,Fruitlands Museums,NA,NA,NA,NA,NA,NA,NA,NA,NA,NA,NA,NA,NA,NA,NA,NA,NA,NA,NA,NA,NA,NA,NA,NA,NA,NA,NA,NA,NA,NA,NA,NA,NA,NA,NA,NA,-71.5828444,42.5000919
"Topsham, VT",Elwin Chase House,1831,Porter School,mural,Lipman,NA,NA,NA,NA,NA,NA,NA,NA,NA,NA,NA,NA,NA,NA,NA,NA,NA,NA,NA,NA,NA,NA,NA,NA,NA,NA,NA,NA,NA,NA,NA,NA,TRUE,NA,NA,NA,-72.25509559999999,44.12811929999999
"Webster Corner, ME",Cushman Tavern,1830,Orison Wood,mural,Lipman,NA,NA,NA,NA,NA,NA,NA,NA,NA,NA,NA,NA,NA,NA,NA,NA,NA,NA,NA,NA,NA,NA,NA,NA,NA,NA,NA,NA,NA,NA,NA,NA,TRUE,NA,NA,NA,-70.08588619999999,44.0600755
"Hancock, NH",Josiah Stone House,1825,Porter School,mural,Lipman,NA,NA,NA,TRUE,NA,NA,TRUE,NA,NA,NA,NA,NA,NA,TRUE,NA,TRUE,NA,NA,TRUE,NA,NA,NA,NA,NA,NA,NA,NA,NA,NA,NA,TRUE,NA,NA,NA,NA,TRUE,-71.9798565,42.9732129
"Winthrop, ME",Captain Samuel Benjamin House,1830,Porter School,mural,MSM,TRUE,TRUE,NA,NA,NA,NA,NA,NA,NA,NA,NA,NA,NA,NA,NA,NA,NA,NA,TRUE,NA,NA,NA,TRUE,NA,NA,TRUE,NA,TRUE,TRUE,TRUE,TRUE,NA,TRUE,NA,TRUE,TRUE,-69.9769721,44.3050332
"Lyme, NH",Frederick Wagner House,1825,Porter School,mural,Lipman,NA,NA,NA,NA,NA,NA,NA,NA,NA,NA,NA,NA,NA,NA,NA,NA,NA,NA,NA,NA,NA,NA,NA,NA,NA,NA,NA,NA,NA,NA,NA,NA,NA,NA,NA,NA,-72.1559219,43.8095142
"Hollis Center, ME",Quillcote,1830,Porter School,mural,Lipman,NA,NA,NA,NA,NA,NA,NA,NA,NA,NA,NA,NA,NA,NA,NA,NA,NA,NA,NA,NA,NA,NA,NA,NA,NA,NA,TRUE,NA,NA,NA,NA,NA,TRUE,NA,NA,NA,-70.62089739999999,43.6346754
"North Parsonfield, ME",Curtis M. Sweat House,1830,Jonathan D. Poor and Paine,mural,signed,NA,TRUE,NA,NA,NA,TRUE,NA,NA,NA,NA,NA,NA,NA,NA,NA,TRUE,NA,NA,NA,NA,NA,NA,NA,NA,NA,NA,NA,NA,TRUE,TRUE,NA,NA,TRUE,NA,NA,NA,-70.9225644,43.7572986
"East Weymouth, MA",Senigo House,1845,Porter School,mural,Lipman,NA,NA,NA,NA,NA,NA,NA,NA,NA,NA,NA,NA,NA,NA,NA,NA,NA,NA,NA,NA,NA,NA,NA,NA,NA,NA,NA,NA,NA,NA,NA,NA,NA,NA,NA,NA,-70.94103559999999,42.2180724
"Langdon, NH",Bidwell Tavern,1824,Porter School,mural,Lipman,NA,NA,NA,NA,NA,NA,NA,NA,NA,NA,NA,NA,NA,NA,NA,NA,NA,NA,NA,NA,NA,NA,NA,NA,NA,NA,NA,NA,NA,NA,NA,NA,NA,NA,NA,NA,-72.3795322,43.1670215
"New Ipswich, NH",Gardner Davis House,1825,Porter School,mural,Lipman,NA,NA,NA,NA,NA,NA,NA,NA,NA,NA,NA,NA,NA,NA,NA,NA,TRUE,NA,NA,NA,NA,NA,NA,TRUE,NA,TRUE,TRUE,NA,NA,NA,NA,NA,NA,NA,NA,NA,-71.8808499,42.7362307
"West Auburn, ME",Otis B. Tibbets House,1830,Orison Wood,mural,Lipman,NA,NA,NA,NA,NA,NA,NA,NA,NA,NA,NA,NA,NA,NA,NA,NA,NA,NA,NA,NA,NA,NA,NA,NA,NA,NA,NA,NA,NA,NA,NA,NA,NA,NA,NA,NA,-70.2808888,44.15673839999999
"Wakefield, MA",Winn House,1835,Porter School,mural,Lipman,NA,NA,NA,NA,NA,NA,NA,NA,NA,NA,NA,NA,NA,NA,NA,NA,NA,NA,NA,NA,NA,NA,NA,NA,NA,NA,NA,NA,NA,NA,NA,NA,NA,NA,NA,NA,-71.0723391,42.5039395
"Sturbridge, MA",Oliver Wight House,1830,Porter School,mural,OSV,NA,NA,NA,NA,NA,NA,NA,NA,NA,NA,NA,NA,NA,TRUE,TRUE,NA,NA,NA,NA,NA,NA,NA,NA,NA,NA,NA,NA,NA,NA,NA,NA,NA,NA,NA,NA,NA,-72.0787059,42.1084122
"Westwood, MA",Dr. Francis Howe House,1838,Rufus Porter and Stephen Twombly Porter,mural,signed,NA,NA,TRUE,TRUE,NA,NA,NA,NA,TRUE,NA,NA,TRUE,TRUE,TRUE,TRUE,NA,TRUE,TRUE,NA,NA,TRUE,NA,NA,TRUE,NA,NA,NA,NA,NA,NA,NA,NA,NA,NA,TRUE,TRUE,-71.2244987,42.21398730000001
"Temple, NH",Birchwood Inn,1830,Porter School,mural,Lefko,NA,NA,NA,NA,NA,NA,NA,NA,NA,NA,NA,NA,NA,NA,NA,NA,NA,NA,NA,NA,NA,NA,NA,NA,NA,NA,NA,NA,NA,NA,NA,NA,NA,NA,NA,NA,-71.8513418,42.8188308
"Vienna, ME",Jacob Johnson House,1832,Jonathan D. Poor,mural,signed,NA,NA,NA,NA,TRUE,NA,NA,NA,NA,NA,NA,NA,NA,NA,NA,NA,NA,NA,NA,NA,NA,NA,TRUE,NA,NA,NA,NA,NA,TRUE,TRUE,TRUE,NA,TRUE,NA,NA,NA,-69.9847779,44.5333976
"Winthrop, ME",Captain Solomon Stanley House,1830,Porter School,mural,Lefko,TRUE,TRUE,NA,NA,NA,TRUE,NA,NA,NA,NA,NA,NA,NA,TRUE,NA,NA,NA,NA,TRUE,NA,TRUE,NA,TRUE,NA,NA,TRUE,NA,TRUE,TRUE,TRUE,TRUE,NA,TRUE,NA,NA,TRUE,-69.9769721,44.3050332
"Pepperell, MA",John Durant House,1830,Jonathan D. Poor,mural,Lefko,TRUE,NA,TRUE,NA,NA,NA,TRUE,NA,NA,NA,NA,NA,NA,NA,NA,NA,NA,NA,NA,NA,NA,NA,NA,NA,NA,NA,NA,NA,NA,TRUE,NA,NA,TRUE,NA,TRUE,NA,-71.5884363,42.66592319999999
"Bath, NH",Bartlett House,1830,Porter School,mural,Lefko,NA,NA,NA,NA,NA,NA,NA,NA,NA,NA,TRUE,NA,NA,NA,NA,NA,NA,NA,TRUE,TRUE,TRUE,NA,TRUE,NA,NA,NA,NA,NA,NA,NA,NA,NA,NA,NA,TRUE,NA,-71.96620089999999,44.1670079
"Mercer, ME",Walton Homestead,1830,Porter School,mural,Lefko,NA,NA,NA,NA,NA,NA,NA,NA,NA,NA,NA,NA,NA,NA,NA,NA,NA,NA,NA,TRUE,NA,NA,NA,NA,NA,NA,NA,NA,NA,NA,NA,NA,NA,NA,NA,NA,-69.93644619999999,44.6781171
