subject,year,location,creator,type,attribution,icon,choice,lat,lng,popup,image,img_src,geometry
Emerson House,1835,"Wakefield, MA",Rufus Porter,mural,signed,rp_mural,rp,42.5081345848255,-71.0783628346342,"<b>Emerson House</b><br>Signed by Rufus Porter<br>Circa 1835<br><img src='http://s3.amazonaws.com/afanews_articles/01019/FIG-1_-%281.5-pg.png', width = '200'><br><small>Image from ""Rediscovering the Murals of Jonathan D. Poor"" by Jane E. Radcliffe</small>",http://s3.amazonaws.com/afanews_articles/01019/FIG-1_-%281.5-pg.png,"""Rediscovering the Murals of Jonathan D. Poor"" by Jane E. Radcliffe","c(42.5081345848255, -71.0783628346342)"
Warren Pederson House,1830,"Standish, ME",Jonathan D. Poor,mural,signed,jdp,jdp,43.7375798420678,-70.5450040174273,"<b>Warren Pederson House</b><br>Signed by Jonathan D. Poor<br>Circa 1830<br><img src='http://s3.amazonaws.com/afanews_articles/01019/FIG-10_-%282.png', width = '200'><br><small>Image from ""Rediscovering the Murals of Jonathan D. Poor"" by Jane E. Radcliffe</small>",http://s3.amazonaws.com/afanews_articles/01019/FIG-10_-%282.png,"""Rediscovering the Murals of Jonathan D. Poor"" by Jane E. Radcliffe","c(43.7375798420678, -70.5450040174273)"
Oliver Prescott Hoouse,1835,"Groton, MA",Jonathan D. Poor,mural,signed,jdp,jdp,42.6086080906373,-71.5861273723993,"<b>Oliver Prescott Hoouse</b><br>Signed by Jonathan D. Poor<br>Circa 1835<br><img src='http://s3.amazonaws.com/afanews_articles/01019/FIG-11_-13---Prescott-signature.png', width = '200'><br><small>Image from ""Rediscovering the Murals of Jonathan D. Poor"" by Jane E. Radcliffe</small>",http://s3.amazonaws.com/afanews_articles/01019/FIG-11_-13---Prescott-signature.png,"""Rediscovering the Murals of Jonathan D. Poor"" by Jane E. Radcliffe","c(42.6086080906373, -71.5861273723993)"
Judge Bean House,1835,"Readfield, ME",Jonathan D. Poor,mural,signed,jdp,jdp,44.3841613652576,-69.9790195202364,"<b>Judge Bean House</b><br>Signed by Jonathan D. Poor<br>Circa 1835<br><img src='http://s3.amazonaws.com/afanews_articles/01019/FIG-12_-10---Bean-signature-on-ship-LCL.png', width = '200'><br><small>Image from ""Rediscovering the Murals of Jonathan D. Poor"" by Jane E. Radcliffe</small>",http://s3.amazonaws.com/afanews_articles/01019/FIG-12_-10---Bean-signature-on-ship-LCL.png,"""Rediscovering the Murals of Jonathan D. Poor"" by Jane E. Radcliffe","c(44.3841613652576, -69.9790195202364)"
Dalton House,1830,"Parsonfield, ME",Jonathan D. Poor,mural,signed,jdp,jdp,43.7237089314469,-70.9269516797749,"<b>Dalton House</b><br>Signed by Jonathan D. Poor<br>Circa 1830<br><img src='http://s3.amazonaws.com/afanews_articles/01019/FIG-13_-15---Dalton-signature.png', width = '200'><br><small>Image from ""Rediscovering the Murals of Jonathan D. Poor"" by Jane E. Radcliffe</small>",http://s3.amazonaws.com/afanews_articles/01019/FIG-13_-15---Dalton-signature.png,"""Rediscovering the Murals of Jonathan D. Poor"" by Jane E. Radcliffe","c(43.7237089314469, -70.9269516797749)"
Chillis House,1830,"Parsonfield, ME",Jonathan D. Poor,mural,signed,jdp,jdp,43.7280574956355,-70.9245779158205,"<b>Chillis House</b><br>Signed by Jonathan D. Poor<br>Circa 1830<br><img src='http://s3.amazonaws.com/afanews_articles/01019/FIG-14_-16---Morison-signature.png', width = '200'><br><small>Image from ""Rediscovering the Murals of Jonathan D. Poor"" by Jane E. Radcliffe</small>",http://s3.amazonaws.com/afanews_articles/01019/FIG-14_-16---Morison-signature.png,"""Rediscovering the Murals of Jonathan D. Poor"" by Jane E. Radcliffe","c(43.7280574956355, -70.9245779158205)"
Lorenzo Norton House,1840,"East Baldwin, ME",Jonathan D. Poor,mural,signed,jdp,jdp,43.8036033537451,-70.6729145363556,"<b>Lorenzo Norton House</b><br>Signed by Jonathan D. Poor<br>Circa 1840<br><img src='http://s3.amazonaws.com/afanews_articles/01019/FIG-2b_-stitch_new.png', width = '200'><br><small>Image from ""Rediscovering the Murals of Jonathan D. Poor"" by Jane E. Radcliffe</small>",http://s3.amazonaws.com/afanews_articles/01019/FIG-2b_-stitch_new.png,"""Rediscovering the Murals of Jonathan D. Poor"" by Jane E. Radcliffe","c(43.8036033537451, -70.6729145363556)"
Ingalls-Colby House,1830,"East Haverhill, MA",Porter School,mural,Lipman,school,school,42.747088038111,-71.0997536385982,"<b>Ingalls-Colby House</b><br>Attributed to Porter School by Jean Lipman<br>Circa 1830<br><img src='http://s3.amazonaws.com/afanews_articles/01019/FIG-3_-%281.7-pg.png', width = '200'><br><small>Image from ""Rediscovering the Murals of Jonathan D. Poor"" by Jane E. Radcliffe</small>",http://s3.amazonaws.com/afanews_articles/01019/FIG-3_-%281.7-pg.png,"""Rediscovering the Murals of Jonathan D. Poor"" by Jane E. Radcliffe","c(42.747088038111, -71.0997536385982)"
Burbank House,1835,"Mt. Vernon, ME",Jonathan D. Poor,mural,tradition,jdp,jdp,44.4975089834245,-69.9817630424726,"<b>Burbank House</b><br>Traditionally attributed to Jonathan D. Poor<br>Circa 1835<br><img src='http://s3.amazonaws.com/afanews_articles/01019/FIG-5_-%282.37-pg.png', width = '200'><br><small>Image from ""Rediscovering the Murals of Jonathan D. Poor"" by Jane E. Radcliffe</small>",http://s3.amazonaws.com/afanews_articles/01019/FIG-5_-%282.37-pg.png,"""Rediscovering the Murals of Jonathan D. Poor"" by Jane E. Radcliffe","c(44.4975089834245, -69.9817630424726)"
Warren-Towle House,1830,"Fryeburg, ME",Porter School,mural,Lipman,school,school,44.0203963478969,-70.9723971416598,"<b>Warren-Towle House</b><br>Attributed to Porter School by Jean Lipman<br>Circa 1830<br><img src='https://docs.google.com/drawings/d/e/2PACX-1vQ-V62GFhXIhooqhRVee_TgoQOK2E_m_9ib-1mHHxnwbMR8YYxe_a7HACxiXT5aUoYsNoMnKjwaZwSB/pub?w=960&h=720', width = '200'><br><small>Image from <em>Folk Art Murals of the Rufus Porter School </em> by Linda Carter Lefko and Jane E. Radcliffe</small>",https://docs.google.com/drawings/d/e/2PACX-1vQ-V62GFhXIhooqhRVee_TgoQOK2E_m_9ib-1mHHxnwbMR8YYxe_a7HACxiXT5aUoYsNoMnKjwaZwSB/pub?w=960&h=720,<em>Folk Art Murals of the Rufus Porter School </em> by Linda Carter Lefko and Jane E. Radcliffe,"c(44.0203963478969, -70.9723971416598)"
Joshua Eaton House,1824,"Bradford, NH","Rufus Porter and Moses Eaton, Jr.",mural,tradition,rp_mural,rp,43.2699296904955,-71.9667939193476,"<b>Joshua Eaton House</b><br>Traditionally attributed to Rufus Porter and Moses Eaton, Jr.<br>Circa 1824<br><img src='https://docs.google.com/drawings/d/e/2PACX-1vQ4TzQOcGCe3R4Uz3SBXMw5OrUVBW1FI7a0yUTKviTCTo7TdenzBIXx6qRSaX_2z4z3Zsluf4YE6fjT/pub?w=960&h=720', width = '200'><br><small>Image from <em>Rufus Porter: Rediscovered</em> by Jean Lipman</small>",https://docs.google.com/drawings/d/e/2PACX-1vQ4TzQOcGCe3R4Uz3SBXMw5OrUVBW1FI7a0yUTKviTCTo7TdenzBIXx6qRSaX_2z4z3Zsluf4YE6fjT/pub?w=960&h=720,<em>Rufus Porter: Rediscovered</em> by Jean Lipman,"c(43.2699296904955, -71.9667939193476)"
Kent House,1825,"Lyme, NH",Porter School,mural,Lipman,school,school,43.8082508548047,-72.1580795991196,"<b>Kent House</b><br>Attributed to Porter School by Jean Lipman<br>Circa 1825<br><img src='https://docs.google.com/drawings/d/e/2PACX-1vQ7UEfZeysAfcnsx3EqJrGaqgY4zlchwEuG2jlmZmV0XYwlQbUXNH-uH-oLC5j5z-lnKos7EtUkw8u_/pub?w=960&h=720', width = '200'><br><small>Image from <em>Folk Art Murals of the Rufus Porter School </em> by Linda Carter Lefko and Jane E. Radcliffe</small>",https://docs.google.com/drawings/d/e/2PACX-1vQ7UEfZeysAfcnsx3EqJrGaqgY4zlchwEuG2jlmZmV0XYwlQbUXNH-uH-oLC5j5z-lnKos7EtUkw8u_/pub?w=960&h=720,<em>Folk Art Murals of the Rufus Porter School </em> by Linda Carter Lefko and Jane E. Radcliffe,"c(43.8082508548047, -72.1580795991196)"
"Stephen Parker, Jr. House",1830,"Groveland, MA",Porter School,mural,Lefko,school,school,42.7640775245144,-71.0265853360187,"<b>Stephen Parker, Jr. House</b><br>Attributed to Porter School by Linda Carter Lefko and Jane E. Radcliffe<br>Circa 1830<br><img src='https://docs.google.com/drawings/d/e/2PACX-1vQIdS_RBb3GvkGFRcZALraMynI-z-to1DFm3fxwQv4_8ja85HEgFhuEvA-_9Ek8Vrt1smr3dM9bDixa/pub?w=960&h=720', width = '200'><br><small>Image from <em>Folk Art Murals of the Rufus Porter School </em> by Linda Carter Lefko and Jane E. Radcliffe</small>",https://docs.google.com/drawings/d/e/2PACX-1vQIdS_RBb3GvkGFRcZALraMynI-z-to1DFm3fxwQv4_8ja85HEgFhuEvA-_9Ek8Vrt1smr3dM9bDixa/pub?w=960&h=720,<em>Folk Art Murals of the Rufus Porter School </em> by Linda Carter Lefko and Jane E. Radcliffe,"c(42.7640775245144, -71.0265853360187)"
Timothy Smith House,1835,"Westwood, MA",Porter School,mural,Lefko,school,school,42.2101088046338,-71.2289122328507,"<b>Timothy Smith House</b><br>Attributed to Porter School by Linda Carter Lefko and Jane E. Radcliffe<br>Circa 1835<br><img src='https://docs.google.com/drawings/d/e/2PACX-1vQJ-4ClFiA319Lf4N_u0W0PriVszRGd9tsJeSRE3QJzGxd9DO1-Fz36kihHcSl-5h9D6sSantbflXzN/pub?w=960&h=720', width = '200'><br><small>Image from <em>Folk Art Murals of the Rufus Porter School </em> by Linda Carter Lefko and Jane E. Radcliffe</small>",https://docs.google.com/drawings/d/e/2PACX-1vQJ-4ClFiA319Lf4N_u0W0PriVszRGd9tsJeSRE3QJzGxd9DO1-Fz36kihHcSl-5h9D6sSantbflXzN/pub?w=960&h=720,<em>Folk Art Murals of the Rufus Porter School </em> by Linda Carter Lefko and Jane E. Radcliffe,"c(42.2101088046338, -71.2289122328507)"
Zebulon Trickey House,1830,"Westbrook, ME",Porter School,mural,Lipman,school,school,43.6768630780727,-70.3623956301701,"<b>Zebulon Trickey House</b><br>Attributed to Porter School by Jean Lipman<br>Circa 1830<br><img src='https://docs.google.com/drawings/d/e/2PACX-1vQjkugEsA_rqY5xQbeOI-CvJuzBlt2yh2JjifbRVG0ISz9SfPj-tuHIpvmSL7tvO09yoV0eQ5WDi5HO/pub?w=960&h=720', width = '200'><br><small>Image from <em>Folk Art Murals of the Rufus Porter School </em> by Linda Carter Lefko and Jane E. Radcliffe</small>",https://docs.google.com/drawings/d/e/2PACX-1vQjkugEsA_rqY5xQbeOI-CvJuzBlt2yh2JjifbRVG0ISz9SfPj-tuHIpvmSL7tvO09yoV0eQ5WDi5HO/pub?w=960&h=720,<em>Folk Art Murals of the Rufus Porter School </em> by Linda Carter Lefko and Jane E. Radcliffe,"c(43.6768630780727, -70.3623956301701)"
Bartlett House,1830,"Amesbury, MA",Porter School,mural,Lipman,school,school,42.8614974757821,-70.9403723558163,"<b>Bartlett House</b><br>Attributed to Porter School by Jean Lipman<br>Circa 1830<br><img src='https://docs.google.com/drawings/d/e/2PACX-1vQJu-Znem26TndcKbzeQymjyAkgg8Fb5fcopjWB0GJ1AYdoeEmq4ZvrmjEDfbH_TIsFpsoleC26kTdJ/pub?w=960&h=720', width = '200'><br><small>Image from <em>Folk Art Murals of the Rufus Porter School </em> by Linda Carter Lefko and Jane E. Radcliffe</small>",https://docs.google.com/drawings/d/e/2PACX-1vQJu-Znem26TndcKbzeQymjyAkgg8Fb5fcopjWB0GJ1AYdoeEmq4ZvrmjEDfbH_TIsFpsoleC26kTdJ/pub?w=960&h=720,<em>Folk Art Murals of the Rufus Porter School </em> by Linda Carter Lefko and Jane E. Radcliffe,"c(42.8614974757821, -70.9403723558163)"
Daniel Carr House,1825,"North Haverhill, NH",Porter School,mural,Lipman,school,school,44.084572605149,-72.0311386190539,"<b>Daniel Carr House</b><br>Attributed to Porter School by Jean Lipman<br>Circa 1825<br><img src='https://docs.google.com/drawings/d/e/2PACX-1vQMz93gzU8H-0a56RNXAaYX7unjCKHDK39C8f7fgeYav6u6n561LpboDhzFonf4C8aJxMlqvGNbfZfV/pub?w=960&h=720', width = '200'><br><small>Image from <em>Rufus Porter: Rediscovered</em> by Jean Lipman</small>",https://docs.google.com/drawings/d/e/2PACX-1vQMz93gzU8H-0a56RNXAaYX7unjCKHDK39C8f7fgeYav6u6n561LpboDhzFonf4C8aJxMlqvGNbfZfV/pub?w=960&h=720,<em>Rufus Porter: Rediscovered</em> by Jean Lipman,"c(44.084572605149, -72.0311386190539)"
Russ House,1830,"Farmington Falls, ME",Jonathan D. Poor and Paine,mural,tradition,jdp,jdp,44.6214958482282,-70.0711820459101,"<b>Russ House</b><br>Traditionally attributed to Jonathan D. Poor and Paine<br>Circa 1830<br><img src='https://docs.google.com/drawings/d/e/2PACX-1vQqoq1_4UdVpcXhx7vjzqCgPojkob3QS8eDrhIiPEQuoJpHU-RNpvc5wXi-Iqm8QDCCqdlgWMx5gKu0/pub?w=960&h=720', width = '200'><br><small>Image from <em>Folk Art Murals of the Rufus Porter School </em> by Linda Carter Lefko and Jane E. Radcliffe</small>",https://docs.google.com/drawings/d/e/2PACX-1vQqoq1_4UdVpcXhx7vjzqCgPojkob3QS8eDrhIiPEQuoJpHU-RNpvc5wXi-Iqm8QDCCqdlgWMx5gKu0/pub?w=960&h=720,<em>Folk Art Murals of the Rufus Porter School </em> by Linda Carter Lefko and Jane E. Radcliffe,"c(44.6214958482282, -70.0711820459101)"
Artemas Hemenway Tavern,1830,"Pepperell, MA",Porter School,mural,Lefko,school,school,42.6647483880862,-71.5962081663937,"<b>Artemas Hemenway Tavern</b><br>Attributed to Porter School by Linda Carter Lefko and Jane E. Radcliffe<br>Circa 1830<br><img src='https://docs.google.com/drawings/d/e/2PACX-1vQwsSsef__jRnH7wttRrk5R3ARzSfdgdcHx4rA4aYEsmvhN-TtTlDkXa7uYaNLplbQvenkQ3cws0lKp/pub?w=960&h=720', width = '200'><br><small>Image from <em>Folk Art Murals of the Rufus Porter School </em> by Linda Carter Lefko and Jane E. Radcliffe</small>",https://docs.google.com/drawings/d/e/2PACX-1vQwsSsef__jRnH7wttRrk5R3ARzSfdgdcHx4rA4aYEsmvhN-TtTlDkXa7uYaNLplbQvenkQ3cws0lKp/pub?w=960&h=720,<em>Folk Art Murals of the Rufus Porter School </em> by Linda Carter Lefko and Jane E. Radcliffe,"c(42.6647483880862, -71.5962081663937)"
William McCleary House,1835,"Strong, ME",Jonathan D. Poor,mural,tradition,jdp,jdp,44.8115747567244,-70.2278456079054,"<b>William McCleary House</b><br>Traditionally attributed to Jonathan D. Poor<br>Circa 1835<br><img src='https://docs.google.com/drawings/d/e/2PACX-1vQXExVVL0CCfNq81bDBvgGUTfsAtdkRD9qA2sNLoVCk-dXfCv4SDci-mxy_swgflFD0UlcvfcNnFA1c/pub?w=960&h=720', width = '200'><br><small>Image from <em>Folk Art Murals of the Rufus Porter School </em> by Linda Carter Lefko and Jane E. Radcliffe</small>",https://docs.google.com/drawings/d/e/2PACX-1vQXExVVL0CCfNq81bDBvgGUTfsAtdkRD9qA2sNLoVCk-dXfCv4SDci-mxy_swgflFD0UlcvfcNnFA1c/pub?w=960&h=720,<em>Folk Art Murals of the Rufus Porter School </em> by Linda Carter Lefko and Jane E. Radcliffe,"c(44.8115747567244, -70.2278456079054)"
Edmund Parker House,1830,"Winchester, MA",Porter School,mural,Lefko,school,school,42.4553010125531,-71.146057280447,"<b>Edmund Parker House</b><br>Attributed to Porter School by Linda Carter Lefko and Jane E. Radcliffe<br>Circa 1830<br><img src='https://docs.google.com/drawings/d/e/2PACX-1vQyO3gzvfzoVFjHlZvMd_KIGrCEhyKdfABjrN5uDReM_VEvyYkE3V5BWNhS-vGgdivNqkd39dx-hnKF/pub?w=960&h=720', width = '200'><br><small>Image from <em>Folk Art Murals of the Rufus Porter School </em> by Linda Carter Lefko and Jane E. Radcliffe</small>",https://docs.google.com/drawings/d/e/2PACX-1vQyO3gzvfzoVFjHlZvMd_KIGrCEhyKdfABjrN5uDReM_VEvyYkE3V5BWNhS-vGgdivNqkd39dx-hnKF/pub?w=960&h=720,<em>Folk Art Murals of the Rufus Porter School </em> by Linda Carter Lefko and Jane E. Radcliffe,"c(42.4553010125531, -71.146057280447)"
Asher Tarbell House,1825,"Mason, NH",Porter School,mural,Lipman,school,school,42.7462905237854,-71.7623455037382,"<b>Asher Tarbell House</b><br>Attributed to Porter School by Jean Lipman<br>Circa 1825<br><img src='https://docs.google.com/drawings/d/e/2PACX-1vR6p7s0SSVr5tokcG0ZLooR6bSWXo2iHHPl2L9lm0hBaGsvM2WRDRfXJWD3aNuChOA5JOlrCkBdvKcN/pub?w=960&h=720', width = '200'><br><small>Image from <em>Folk Art Murals of the Rufus Porter School </em> by Linda Carter Lefko and Jane E. Radcliffe</small>",https://docs.google.com/drawings/d/e/2PACX-1vR6p7s0SSVr5tokcG0ZLooR6bSWXo2iHHPl2L9lm0hBaGsvM2WRDRfXJWD3aNuChOA5JOlrCkBdvKcN/pub?w=960&h=720,<em>Folk Art Murals of the Rufus Porter School </em> by Linda Carter Lefko and Jane E. Radcliffe,"c(42.7462905237854, -71.7623455037382)"
Benjamin Stanley House,1835,"Farmington, ME",Jonathan D. Poor,mural,tradition,jdp,jdp,44.6690120483294,-70.1607431737207,"<b>Benjamin Stanley House</b><br>Traditionally attributed to Jonathan D. Poor<br>Circa 1835<br><img src='https://docs.google.com/drawings/d/e/2PACX-1vRaJdKCx0ImfFiqm_Atm_kZ3tpxuLsFldbwJFMPxW3WgaaUzchhrmk9Uydk0EmCort69v7G6zzkffig/pub?w=960&h=720', width = '200'><br><small>Image from <em>Folk Art Murals of the Rufus Porter School </em> by Linda Carter Lefko and Jane E. Radcliffe</small>",https://docs.google.com/drawings/d/e/2PACX-1vRaJdKCx0ImfFiqm_Atm_kZ3tpxuLsFldbwJFMPxW3WgaaUzchhrmk9Uydk0EmCort69v7G6zzkffig/pub?w=960&h=720,<em>Folk Art Murals of the Rufus Porter School </em> by Linda Carter Lefko and Jane E. Radcliffe,"c(44.6690120483294, -70.1607431737207)"
Solomon Russell House,1825,"New Ipswich, NH",Porter School,mural,Lipman,school,school,42.7347223829826,-71.8800839208809,"<b>Solomon Russell House</b><br>Attributed to Porter School by Jean Lipman<br>Circa 1825<br><img src='https://docs.google.com/drawings/d/e/2PACX-1vRc-0EN6RgMgYnTTwBQ5qOcKfgHyyoA_WAXpnkNfSM8-h9Ylep9VQOjW88zKP3eTIyG1NxFpOA55OBj/pub?w=960&h=720', width = '200'><br><small>Image from <em>Folk Art Murals of the Rufus Porter School </em> by Linda Carter Lefko and Jane E. Radcliffe</small>",https://docs.google.com/drawings/d/e/2PACX-1vRc-0EN6RgMgYnTTwBQ5qOcKfgHyyoA_WAXpnkNfSM8-h9Ylep9VQOjW88zKP3eTIyG1NxFpOA55OBj/pub?w=960&h=720,<em>Folk Art Murals of the Rufus Porter School </em> by Linda Carter Lefko and Jane E. Radcliffe,"c(42.7347223829826, -71.8800839208809)"
Van Heusen Seventeenth-Century Farms,1835,"North Reading, MA",Porter School,mural,Lipman,school,school,42.5758766736855,-71.0917205250908,"<b>Van Heusen Seventeenth-Century Farms</b><br>Attributed to Porter School by Jean Lipman<br>Circa 1835<br><img src='https://docs.google.com/drawings/d/e/2PACX-1vRFgfu2ty75FVWz0GaKybF-rp4gCP3-G_B03Zrb0unaj9NkFhoHLoCZxhmC0GLNEdEGF-cGGR4UbZcx/pub?w=960&h=720', width = '200'><br><small>Image from <em>Rufus Porter: Rediscovered</em> by Jean Lipman</small>",https://docs.google.com/drawings/d/e/2PACX-1vRFgfu2ty75FVWz0GaKybF-rp4gCP3-G_B03Zrb0unaj9NkFhoHLoCZxhmC0GLNEdEGF-cGGR4UbZcx/pub?w=960&h=720,<em>Rufus Porter: Rediscovered</em> by Jean Lipman,"c(42.5758766736855, -71.0917205250908)"
Hinckley House,1824,"Orford, NH",Porter School,mural,Lipman,school,school,43.9039445593292,-72.1330554447326,"<b>Hinckley House</b><br>Attributed to Porter School by Jean Lipman<br>Circa 1824<br><img src='https://docs.google.com/drawings/d/e/2PACX-1vRNwG3yBX6AYtyeA0n-auyfq9vjVuZWxc8_bQeBISWZuOyDwNv3IHmJXgEdiy9TZpqbcy-9sILksaPD/pub?w=960&h=720', width = '200'><br><small>Image from <em>Folk Art Murals of the Rufus Porter School </em> by Linda Carter Lefko and Jane E. Radcliffe</small>",https://docs.google.com/drawings/d/e/2PACX-1vRNwG3yBX6AYtyeA0n-auyfq9vjVuZWxc8_bQeBISWZuOyDwNv3IHmJXgEdiy9TZpqbcy-9sILksaPD/pub?w=960&h=720,<em>Folk Art Murals of the Rufus Porter School </em> by Linda Carter Lefko and Jane E. Radcliffe,"c(43.9039445593292, -72.1330554447326)"
Elwin Chase House,1831,"Topsham, VT",Porter School,mural,Lipman,school,school,44.130742856571,-72.2529565259677,"<b>Elwin Chase House</b><br>Attributed to Porter School by Jean Lipman<br>Circa 1831<br><img src='https://docs.google.com/drawings/d/e/2PACX-1vRqdEt7hB-JMV5q-a-Mj0CA2JaBgM2Tyqrwlr8x8rZSjR87UFhWuIQRzm-DjzTLPnrC8V9QqdM1uTZQ/pub?w=960&h=720', width = '200'><br><small>Image from <em>Rufus Porter: Rediscovered</em> by Jean Lipman</small>",https://docs.google.com/drawings/d/e/2PACX-1vRqdEt7hB-JMV5q-a-Mj0CA2JaBgM2Tyqrwlr8x8rZSjR87UFhWuIQRzm-DjzTLPnrC8V9QqdM1uTZQ/pub?w=960&h=720,<em>Rufus Porter: Rediscovered</em> by Jean Lipman,"c(44.130742856571, -72.2529565259677)"
Adams Female Academy,1822,"Derry, NH",Porter School,mural,Lefko,school,school,42.8801341263597,-71.3307129426089,"<b>Adams Female Academy</b><br>Attributed to Porter School by Linda Carter Lefko and Jane E. Radcliffe<br>Circa 1822<br><img src='https://docs.google.com/drawings/d/e/2PACX-1vRqump5_BJvQbgQ2ObhpNVRdpECMLzdgxj-OC98YvyFFrLbFeudu3xjeFUwo-_yAi35G1xdDNyezRQ4/pub?w=960&h=720', width = '200'><br><small>Image from <em>Folk Art Murals of the Rufus Porter School </em> by Linda Carter Lefko and Jane E. Radcliffe</small>",https://docs.google.com/drawings/d/e/2PACX-1vRqump5_BJvQbgQ2ObhpNVRdpECMLzdgxj-OC98YvyFFrLbFeudu3xjeFUwo-_yAi35G1xdDNyezRQ4/pub?w=960&h=720,<em>Folk Art Murals of the Rufus Porter School </em> by Linda Carter Lefko and Jane E. Radcliffe,"c(42.8801341263597, -71.3307129426089)"
Barker House,1835,"North Leeds, ME",Porter School,mural,Lefko,school,school,44.3436096723965,-70.1363736081171,"<b>Barker House</b><br>Attributed to Porter School by Linda Carter Lefko and Jane E. Radcliffe<br>Circa 1835<br><img src='https://docs.google.com/drawings/d/e/2PACX-1vRrbA5PGqz3UB3TmGcf4Pvz82a26LO9Wy5jtCgSn0JmDS51d-ADNBmTCTGXjCXec1FE89HcCfiVh8IB/pub?w=960&h=720', width = '200'><br><small>Image from <em>Folk Art Murals of the Rufus Porter School </em> by Linda Carter Lefko and Jane E. Radcliffe</small>",https://docs.google.com/drawings/d/e/2PACX-1vRrbA5PGqz3UB3TmGcf4Pvz82a26LO9Wy5jtCgSn0JmDS51d-ADNBmTCTGXjCXec1FE89HcCfiVh8IB/pub?w=960&h=720,<em>Folk Art Murals of the Rufus Porter School </em> by Linda Carter Lefko and Jane E. Radcliffe,"c(44.3436096723965, -70.1363736081171)"
Jacob Davis,1815,"Minot, ME",Rufus Porter,portrait,MFA,portrait,rp,44.1559004468517,-70.3503513696803,"<b>Jacob Davis</b><br>Attributed to  Rufus Porter<br>Circa 1815<br><img src='https://docs.google.com/drawings/d/e/2PACX-1vRTi4N-J6NMl0vrGI9ldDGB5lFDYRqmfny_qYp0LSGQkCojv2aqZE11PsU01JnikwXPQIU0PNlif38V/pub?w=960&h=720', width = '200'><br><small>Image from Museum of Fine Arts, Boston</small>",https://docs.google.com/drawings/d/e/2PACX-1vRTi4N-J6NMl0vrGI9ldDGB5lFDYRqmfny_qYp0LSGQkCojv2aqZE11PsU01JnikwXPQIU0PNlif38V/pub?w=960&h=720,"Museum of Fine Arts, Boston","c(44.1559004468517, -70.3503513696803)"
Dyer/Currier House,1830,"Farmington, ME",Jonathan D. Poor and Paine,mural,tradition,jdp,jdp,44.6663620569121,-70.1448536751258,"<b>Dyer/Currier House</b><br>Traditionally attributed to Jonathan D. Poor and Paine<br>Circa 1830<br><img src='https://docs.google.com/drawings/d/e/2PACX-1vRwzbRw-1fqWCb5qUEnt0vg0TYndXPdFxr6RzzGw9CNian-_XlJDwCyjF9nJeTNs7R-9I0B2IIMviiN/pub?w=960&h=720', width = '200'><br><small>Image from <em>Folk Art Murals of the Rufus Porter School </em> by Linda Carter Lefko and Jane E. Radcliffe</small>",https://docs.google.com/drawings/d/e/2PACX-1vRwzbRw-1fqWCb5qUEnt0vg0TYndXPdFxr6RzzGw9CNian-_XlJDwCyjF9nJeTNs7R-9I0B2IIMviiN/pub?w=960&h=720,<em>Folk Art Murals of the Rufus Porter School </em> by Linda Carter Lefko and Jane E. Radcliffe,"c(44.6663620569121, -70.1448536751258)"
Deacon Libby House,1830,"Bridgton, ME",Porter School,mural,Lipman,school,school,44.0563247948814,-70.7016856083882,"<b>Deacon Libby House</b><br>Attributed to Porter School by Jean Lipman<br>Circa 1830<br><img src='https://docs.google.com/drawings/d/e/2PACX-1vRYkY_pNi4XSNROp4m0sze55aaS9yjKpk1o5-XZKccp1EU8ycvCP2ojk2vBgMXh8l7d8A_GVB5QW48W/pub?w=960&h=720', width = '200'><br><small>Image from <em>Folk Art Murals of the Rufus Porter School </em> by Linda Carter Lefko and Jane E. Radcliffe</small>",https://docs.google.com/drawings/d/e/2PACX-1vRYkY_pNi4XSNROp4m0sze55aaS9yjKpk1o5-XZKccp1EU8ycvCP2ojk2vBgMXh8l7d8A_GVB5QW48W/pub?w=960&h=720,<em>Folk Art Murals of the Rufus Porter School </em> by Linda Carter Lefko and Jane E. Radcliffe,"c(44.0563247948814, -70.7016856083882)"
Dutton House,1830,"Bedford, MA",Porter School,mural,Lipman,school,school,42.4894504297437,-71.2677144072613,"<b>Dutton House</b><br>Attributed to Porter School by Jean Lipman<br>Circa 1830<br><img src='https://docs.google.com/drawings/d/e/2PACX-1vS1m6f-aZ2T4fXtLUi3nTw9l1C9cOApXSZSjQAJj38tfgKoIBZG6RZ0n8cClRPanDjL2mzrdfhk3-cp/pub?w=960&h=720', width = '200'><br><small>Image from <em>Folk Art Murals of the Rufus Porter School </em> by Linda Carter Lefko and Jane E. Radcliffe</small>",https://docs.google.com/drawings/d/e/2PACX-1vS1m6f-aZ2T4fXtLUi3nTw9l1C9cOApXSZSjQAJj38tfgKoIBZG6RZ0n8cClRPanDjL2mzrdfhk3-cp/pub?w=960&h=720,<em>Folk Art Murals of the Rufus Porter School </em> by Linda Carter Lefko and Jane E. Radcliffe,"c(42.4894504297437, -71.2677144072613)"
Colonel Jacob W. Watson,1833,"Princeton, MA",Rufus Porter,portrait,MFA,portrait,rp,42.4469705144767,-71.8655821338888,"<b>Colonel Jacob W. Watson</b><br>Attributed to  Rufus Porter<br>Circa 1833<br><img src='https://docs.google.com/drawings/d/e/2PACX-1vS6BpsDZ_dva4oOibWk8ZCYGIn-5jC8QJ7x02OXN8fPUX9bEbE7CtcZ9H__T7cy-f6LuVESagdrKNCm/pub?w=960&h=720', width = '200'><br><small>Image from Museum of Fine Arts, Boston</small>",https://docs.google.com/drawings/d/e/2PACX-1vS6BpsDZ_dva4oOibWk8ZCYGIn-5jC8QJ7x02OXN8fPUX9bEbE7CtcZ9H__T7cy-f6LuVESagdrKNCm/pub?w=960&h=720,"Museum of Fine Arts, Boston","c(42.4469705144767, -71.8655821338888)"
Brewster House,1825,"Ossipee, NH",Porter School,mural,Lefko,school,school,43.6826130090948,-71.119855164311,"<b>Brewster House</b><br>Attributed to Porter School by Linda Carter Lefko and Jane E. Radcliffe<br>Circa 1825<br><img src='https://docs.google.com/drawings/d/e/2PACX-1vS8berzdVsYkKJE_ev-ORrLtt1Zjd8YdEJ5pPdNM-481EguTB10_ywOCVhotBI8W3KsJYeugSedcZJE/pub?w=960&h=720', width = '200'><br><small>Image from <em>Folk Art Murals of the Rufus Porter School </em> by Linda Carter Lefko and Jane E. Radcliffe</small>",https://docs.google.com/drawings/d/e/2PACX-1vS8berzdVsYkKJE_ev-ORrLtt1Zjd8YdEJ5pPdNM-481EguTB10_ywOCVhotBI8W3KsJYeugSedcZJE/pub?w=960&h=720,<em>Folk Art Murals of the Rufus Porter School </em> by Linda Carter Lefko and Jane E. Radcliffe,"c(43.6826130090948, -71.119855164311)"
Josiah Stone House,1825,"Hancock, NH",Porter School,mural,Lipman,school,school,42.9774111305437,-71.9674826942082,"<b>Josiah Stone House</b><br>Attributed to Porter School by Jean Lipman<br>Circa 1825<br><img src='https://docs.google.com/drawings/d/e/2PACX-1vS8cFtj8Kbeo2EF2UY0tFhCkkQu_hxOHd1CtSp5AbZ6Z_-tqn3yRzvQAFZSjcPyr4pHOGTCbozxwT59/pub?w=960&h=720', width = '200'><br><small>Image from <em>Rufus Porter: Rediscovered</em> by Jean Lipman</small>",https://docs.google.com/drawings/d/e/2PACX-1vS8cFtj8Kbeo2EF2UY0tFhCkkQu_hxOHd1CtSp5AbZ6Z_-tqn3yRzvQAFZSjcPyr4pHOGTCbozxwT59/pub?w=960&h=720,<em>Rufus Porter: Rediscovered</em> by Jean Lipman,"c(42.9774111305437, -71.9674826942082)"
Roswell Warner House,1830,"Sturbridge, MA",Porter School,mural,Lefko,school,school,42.1118214777189,-72.0723054052878,"<b>Roswell Warner House</b><br>Attributed to Porter School by Linda Carter Lefko and Jane E. Radcliffe<br>Circa 1830<br><img src='https://docs.google.com/drawings/d/e/2PACX-1vSA-dtMWzKP0-pvWmqHOBG--IxgJJFk_QpzBK3ViT-uLJAjoAcJSdgJZGFsx06JUhMsi9w8QZLpUlAw/pub?w=960&h=720', width = '200'><br><small>Image from <em>Folk Art Murals of the Rufus Porter School </em> by Linda Carter Lefko and Jane E. Radcliffe</small>",https://docs.google.com/drawings/d/e/2PACX-1vSA-dtMWzKP0-pvWmqHOBG--IxgJJFk_QpzBK3ViT-uLJAjoAcJSdgJZGFsx06JUhMsi9w8QZLpUlAw/pub?w=960&h=720,<em>Folk Art Murals of the Rufus Porter School </em> by Linda Carter Lefko and Jane E. Radcliffe,"c(42.1118214777189, -72.0723054052878)"
Savery Homestead,1830,"Groveland, MA",Porter School,mural,Lipman,school,school,42.7636633778432,-71.028005360439,"<b>Savery Homestead</b><br>Attributed to Porter School by Jean Lipman<br>Circa 1830<br><img src='https://docs.google.com/drawings/d/e/2PACX-1vSENp1y4L9MtaUwLpdL2QRYbTb-0utJuJjlIX1OeY0YiTfabCTN0YkeaMpEsSjgITMsEeGzyiJWhndy/pub?w=960&h=720', width = '200'><br><small>Image from <em>Folk Art Murals of the Rufus Porter School </em> by Linda Carter Lefko and Jane E. Radcliffe</small>",https://docs.google.com/drawings/d/e/2PACX-1vSENp1y4L9MtaUwLpdL2QRYbTb-0utJuJjlIX1OeY0YiTfabCTN0YkeaMpEsSjgITMsEeGzyiJWhndy/pub?w=960&h=720,<em>Folk Art Murals of the Rufus Porter School </em> by Linda Carter Lefko and Jane E. Radcliffe,"c(42.7636633778432, -71.028005360439)"
Captain Samuel Benjamin House,1830,"Winthrop, ME",Porter School,mural,MSM,school,school,44.3048549145883,-69.9694952376495,"<b>Captain Samuel Benjamin House</b><br>Attributed to  Porter School<br>Circa 1830<br><img src='https://docs.google.com/drawings/d/e/2PACX-1vSFidbgYNfvoip9GJN7TeLSg6d9ssE9dsMqL5SO2XnBaXJe4tA9b3tlnN3mNBfslBdONZlQolQS_okB/pub?w=960&h=720', width = '200'><br><small>Image from <em>Rufus Porter: Rediscovered</em> by Jean Lipman</small>",https://docs.google.com/drawings/d/e/2PACX-1vSFidbgYNfvoip9GJN7TeLSg6d9ssE9dsMqL5SO2XnBaXJe4tA9b3tlnN3mNBfslBdONZlQolQS_okB/pub?w=960&h=720,<em>Rufus Porter: Rediscovered</em> by Jean Lipman,"c(44.3048549145883, -69.9694952376495)"
Harvard Inn,1830,"Harvard, MA",Porter School,mural,Lipman,school,school,42.4965669467685,-71.5937066244294,"<b>Harvard Inn</b><br>Attributed to Porter School by Jean Lipman<br>Circa 1830<br><img src='https://docs.google.com/drawings/d/e/2PACX-1vSG5S0QyIcm14uJtE2h1PmKAL3kPKzaegRFzaesFvXMHadjmD-7FXul34ADkD5-rzqzQsLcNyAg3aga/pub?w=960&h=720', width = '200'><br><small>Image from <em>Folk Art Murals of the Rufus Porter School </em> by Linda Carter Lefko and Jane E. Radcliffe</small>",https://docs.google.com/drawings/d/e/2PACX-1vSG5S0QyIcm14uJtE2h1PmKAL3kPKzaegRFzaesFvXMHadjmD-7FXul34ADkD5-rzqzQsLcNyAg3aga/pub?w=960&h=720,<em>Folk Art Murals of the Rufus Porter School </em> by Linda Carter Lefko and Jane E. Radcliffe,"c(42.4965669467685, -71.5937066244294)"
Tobias Ricker House,1835,"Buckfield, ME",Porter School,mural,Lefko,school,school,44.2893833047231,-70.3746545172202,"<b>Tobias Ricker House</b><br>Attributed to Porter School by Linda Carter Lefko and Jane E. Radcliffe<br>Circa 1835<br><img src='https://docs.google.com/drawings/d/e/2PACX-1vSJcaaYu1qPqLXUloWig7-alVRkRuPhV4PGufLD8Ferg3aAmHjv4yGW4gFF0_Sx9LsWbv5cs01f1Riq/pub?w=960&h=720', width = '200'><br><small>Image from <em>Folk Art Murals of the Rufus Porter School </em> by Linda Carter Lefko and Jane E. Radcliffe</small>",https://docs.google.com/drawings/d/e/2PACX-1vSJcaaYu1qPqLXUloWig7-alVRkRuPhV4PGufLD8Ferg3aAmHjv4yGW4gFF0_Sx9LsWbv5cs01f1Riq/pub?w=960&h=720,<em>Folk Art Murals of the Rufus Porter School </em> by Linda Carter Lefko and Jane E. Radcliffe,"c(44.2893833047231, -70.3746545172202)"
Hackett House,1810,"Thornton, NH",Bears and Pears Artist,mural,Lefko,other,other,43.8922148900251,-71.6858809752981,"<b>Hackett House</b><br>Attributed to Bears and Pears Artist by Linda Carter Lefko and Jane E. Radcliffe<br>Circa 1810<br><img src='https://docs.google.com/drawings/d/e/2PACX-1vSk0q1Vt0CHoudIptgqSSfTS6YcY6UZvyoVDWGLcCd_vRR9s83FMf4iaSpbXlzfC82pcgnBzUaDohzu/pub?w=960&h=720', width = '200'><br><small>Image from <em>Folk Art Murals of the Rufus Porter School </em> by Linda Carter Lefko and Jane E. Radcliffe</small>",https://docs.google.com/drawings/d/e/2PACX-1vSk0q1Vt0CHoudIptgqSSfTS6YcY6UZvyoVDWGLcCd_vRR9s83FMf4iaSpbXlzfC82pcgnBzUaDohzu/pub?w=960&h=720,<em>Folk Art Murals of the Rufus Porter School </em> by Linda Carter Lefko and Jane E. Radcliffe,"c(43.8922148900251, -71.6858809752981)"
Reuben Guild House,1838,"Westwood, MA",Rufus Porter and Stephen Twombly Porter,mural,Lipman,rp_mural,rp,42.2169051815244,-71.2119163993368,"<b>Reuben Guild House</b><br>Attributed to Rufus Porter and Stephen Twombly Porter by Jean Lipman<br>Circa 1838<br><img src='https://docs.google.com/drawings/d/e/2PACX-1vSlA6r3gCs1QlN7BavAL9bGfwfP2BgJDhwY9O7aRMY3ogfU1hkLR6XpuHOVrUtjoT5pUYEQ7HTeQ3wq/pub?w=960&h=720', width = '200'><br><small>Image from <em>Folk Art Murals of the Rufus Porter School </em> by Linda Carter Lefko and Jane E. Radcliffe</small>",https://docs.google.com/drawings/d/e/2PACX-1vSlA6r3gCs1QlN7BavAL9bGfwfP2BgJDhwY9O7aRMY3ogfU1hkLR6XpuHOVrUtjoT5pUYEQ7HTeQ3wq/pub?w=960&h=720,<em>Folk Art Murals of the Rufus Porter School </em> by Linda Carter Lefko and Jane E. Radcliffe,"c(42.2169051815244, -71.2119163993368)"
Littleton Inn,1810,"Littleton, NH",Bears and Pears Artist,mural,Lefko,other,other,44.3089454551645,-71.775320218415,"<b>Littleton Inn</b><br>Attributed to Bears and Pears Artist by Linda Carter Lefko and Jane E. Radcliffe<br>Circa 1810<br><img src='https://docs.google.com/drawings/d/e/2PACX-1vSNJsVso5EAJAgVUCdk3AebWWpZk_O-uXptYO4QTOjQn4r-e3e02E_1ddSNXbLmvyccy1rJG_ekKDr2/pub?w=960&h=720', width = '200'><br><small>Image from <em>Folk Art Murals of the Rufus Porter School </em> by Linda Carter Lefko and Jane E. Radcliffe</small>",https://docs.google.com/drawings/d/e/2PACX-1vSNJsVso5EAJAgVUCdk3AebWWpZk_O-uXptYO4QTOjQn4r-e3e02E_1ddSNXbLmvyccy1rJG_ekKDr2/pub?w=960&h=720,<em>Folk Art Murals of the Rufus Porter School </em> by Linda Carter Lefko and Jane E. Radcliffe,"c(44.3089454551645, -71.775320218415)"
Damon Tavern,1835,"North Reading, MA",Porter School,mural,Lipman,school,school,42.5713209568025,-71.0909601646113,"<b>Damon Tavern</b><br>Attributed to Porter School by Jean Lipman<br>Circa 1835<br><img src='https://docs.google.com/drawings/d/e/2PACX-1vSo5iPATL9V1ccW5WiLLUgzg36B4Lww1dVRlxBCjeZf7l6AIwDs3mKd1EO0KRiGUoaVRQEPDJPKvsfV/pub?w=960&h=720', width = '200'><br><small>Image from <em>Folk Art Murals of the Rufus Porter School </em> by Linda Carter Lefko and Jane E. Radcliffe</small>",https://docs.google.com/drawings/d/e/2PACX-1vSo5iPATL9V1ccW5WiLLUgzg36B4Lww1dVRlxBCjeZf7l6AIwDs3mKd1EO0KRiGUoaVRQEPDJPKvsfV/pub?w=960&h=720,<em>Folk Art Murals of the Rufus Porter School </em> by Linda Carter Lefko and Jane E. Radcliffe,"c(42.5713209568025, -71.0909601646113)"
Captain Dudley Haines House,1835,"Readfield, ME",Jonathan D. Poor,mural,tradition,jdp,jdp,44.3861931484674,-69.9717220792881,"<b>Captain Dudley Haines House</b><br>Traditionally attributed to Jonathan D. Poor<br>Circa 1835<br><img src='https://docs.google.com/drawings/d/e/2PACX-1vSOj7KMEzu3x88kkAt86iv17myL1qX7SOhu6NcG98CwLWTutEz-fUUE7BikxxTScyQlgpr3TK0e0tLj/pub?w=960&h=720', width = '200'><br><small>Image from <em>Folk Art Murals of the Rufus Porter School </em> by Linda Carter Lefko and Jane E. Radcliffe</small>",https://docs.google.com/drawings/d/e/2PACX-1vSOj7KMEzu3x88kkAt86iv17myL1qX7SOhu6NcG98CwLWTutEz-fUUE7BikxxTScyQlgpr3TK0e0tLj/pub?w=960&h=720,<em>Folk Art Murals of the Rufus Porter School </em> by Linda Carter Lefko and Jane E. Radcliffe,"c(44.3861931484674, -69.9717220792881)"
Lieutenant John Lovejoy House,1835,"Fayette, ME",Jonathan D. Poor,mural,tradition,jdp,jdp,44.4058065407722,-70.0235040900717,"<b>Lieutenant John Lovejoy House</b><br>Traditionally attributed to Jonathan D. Poor<br>Circa 1835<br><img src='https://docs.google.com/drawings/d/e/2PACX-1vSOnPJM4b6VTZ5j_iBlIDxoFzPLSmJORq0ixDYGOjotO5QRwjjzgxdGK8yBSSqZQrPcL0jxux9NkNzp/pub?w=960&h=720', width = '200'><br><small>Image from <em>Folk Art Murals of the Rufus Porter School </em> by Linda Carter Lefko and Jane E. Radcliffe</small>",https://docs.google.com/drawings/d/e/2PACX-1vSOnPJM4b6VTZ5j_iBlIDxoFzPLSmJORq0ixDYGOjotO5QRwjjzgxdGK8yBSSqZQrPcL0jxux9NkNzp/pub?w=960&h=720,<em>Folk Art Murals of the Rufus Porter School </em> by Linda Carter Lefko and Jane E. Radcliffe,"c(44.4058065407722, -70.0235040900717)"
Noyes-Ide House,1825,"East Bath, NH",Porter School,mural,Lefko,school,school,44.1686585829491,-71.9758079345733,"<b>Noyes-Ide House</b><br>Attributed to Porter School by Linda Carter Lefko and Jane E. Radcliffe<br>Circa 1825<br><img src='https://docs.google.com/drawings/d/e/2PACX-1vSPaAdgC6psxh_g2ZU9UuaYfhxWrQXjuIaQ6s7EE6o3f0FdcpAZxVJ6EcrqtEUaW2MKFkgSkPOyaZbK/pub?w=960&h=720', width = '200'><br><small>Image from <em>Folk Art Murals of the Rufus Porter School </em> by Linda Carter Lefko and Jane E. Radcliffe</small>",https://docs.google.com/drawings/d/e/2PACX-1vSPaAdgC6psxh_g2ZU9UuaYfhxWrQXjuIaQ6s7EE6o3f0FdcpAZxVJ6EcrqtEUaW2MKFkgSkPOyaZbK/pub?w=960&h=720,<em>Folk Art Murals of the Rufus Porter School </em> by Linda Carter Lefko and Jane E. Radcliffe,"c(44.1686585829491, -71.9758079345733)"
William A. Potter House,1830,"Harvard, MA",Porter School,mural,Lipman,school,school,42.5008675468696,-71.5910969375138,"<b>William A. Potter House</b><br>Attributed to Porter School by Jean Lipman<br>Circa 1830<br><img src='https://docs.google.com/drawings/d/e/2PACX-1vSQtXJCslXi8J2Vm38lPXoClxevLVtR3t9p4B3f5qswvytUOVFRsyIdX_vKdrNnsP-VL5yH9h0uQnzp/pub?w=960&h=720', width = '200'><br><small>Image from <em>Folk Art Murals of the Rufus Porter School </em> by Linda Carter Lefko and Jane E. Radcliffe</small>",https://docs.google.com/drawings/d/e/2PACX-1vSQtXJCslXi8J2Vm38lPXoClxevLVtR3t9p4B3f5qswvytUOVFRsyIdX_vKdrNnsP-VL5yH9h0uQnzp/pub?w=960&h=720,<em>Folk Art Murals of the Rufus Porter School </em> by Linda Carter Lefko and Jane E. Radcliffe,"c(42.5008675468696, -71.5910969375138)"
Curtis M. Sweat House,1830,"North Parsonfield, ME",Jonathan D. Poor and Paine,mural,signed,jdp,jdp,43.7537852778569,-70.9244100120323,"<b>Curtis M. Sweat House</b><br>Signed by Jonathan D. Poor and Paine<br>Circa 1830<br><img src='https://docs.google.com/drawings/d/e/2PACX-1vSrg7rgEhMR1bB8PmqRtlmqnsi5FdJwmaBmNZPs-iJ5MXO7lgQJ_Q2lfXEOfbGdqV3xHgjq_Nz0ey0P/pub?w=960&h=720', width = '200'><br><small>Image from <em>Rufus Porter: Rediscovered</em> by Jean Lipman</small>",https://docs.google.com/drawings/d/e/2PACX-1vSrg7rgEhMR1bB8PmqRtlmqnsi5FdJwmaBmNZPs-iJ5MXO7lgQJ_Q2lfXEOfbGdqV3xHgjq_Nz0ey0P/pub?w=960&h=720,<em>Rufus Porter: Rediscovered</em> by Jean Lipman,"c(43.7537852778569, -70.9244100120323)"
Barrows Homestead,1830,"Fryeburg, ME",Rufus Porter and Jonathan D. Poor,mural,Lipman,rp_mural,rp,44.0203695810487,-70.9689658422025,"<b>Barrows Homestead</b><br>Attributed to Rufus Porter and Jonathan D. Poor by Jean Lipman<br>Circa 1830<br><img src='https://docs.google.com/drawings/d/e/2PACX-1vST3k-644MPFICUZhnAOEF9hDZ7305QXgeDCqxA_TP95e07sFnBNMaHjU7u0wkTHEyBD5O_b_0U5H4B/pub?w=960&h=720', width = '200'><br><small>Image from <em>Folk Art Murals of the Rufus Porter School </em> by Linda Carter Lefko and Jane E. Radcliffe</small>",https://docs.google.com/drawings/d/e/2PACX-1vST3k-644MPFICUZhnAOEF9hDZ7305QXgeDCqxA_TP95e07sFnBNMaHjU7u0wkTHEyBD5O_b_0U5H4B/pub?w=960&h=720,<em>Folk Art Murals of the Rufus Porter School </em> by Linda Carter Lefko and Jane E. Radcliffe,"c(44.0203695810487, -70.9689658422025)"
Perley House,1830,"Naples, ME",Porter School,mural,Lefko,school,school,43.9840075068129,-70.6136681642342,"<b>Perley House</b><br>Attributed to Porter School by Linda Carter Lefko and Jane E. Radcliffe<br>Circa 1830<br><img src='https://docs.google.com/drawings/d/e/2PACX-1vSUiR_rIUjjPjQhD_MYHeQ6FnDPuOE032GbiDs76bZ1SV40T1ebC6Lx5d0VyJrp9icHt1LIgIKQGBKw/pub?w=960&h=720', width = '200'><br><small>Image from <em>Folk Art Murals of the Rufus Porter School </em> by Linda Carter Lefko and Jane E. Radcliffe</small>",https://docs.google.com/drawings/d/e/2PACX-1vSUiR_rIUjjPjQhD_MYHeQ6FnDPuOE032GbiDs76bZ1SV40T1ebC6Lx5d0VyJrp9icHt1LIgIKQGBKw/pub?w=960&h=720,<em>Folk Art Murals of the Rufus Porter School </em> by Linda Carter Lefko and Jane E. Radcliffe,"c(43.9840075068129, -70.6136681642342)"
Reed Mansion,1830,"Townsend, MA",Porter School,mural,Lipman,school,school,42.6689530835842,-71.6954027251432,"<b>Reed Mansion</b><br>Attributed to Porter School by Jean Lipman<br>Circa 1830<br><img src='https://docs.google.com/drawings/d/e/2PACX-1vSVaVJP_7xNqMgY3XnHQ5FGnbllrf48N4dqnEqOHm7MnvH2o7sqZheYZ8_r_GOAIcED9VQSSmMysuyZ/pub?w=960&h=720', width = '200'><br><small>Image from <em>Folk Art Murals of the Rufus Porter School </em> by Linda Carter Lefko and Jane E. Radcliffe</small>",https://docs.google.com/drawings/d/e/2PACX-1vSVaVJP_7xNqMgY3XnHQ5FGnbllrf48N4dqnEqOHm7MnvH2o7sqZheYZ8_r_GOAIcED9VQSSmMysuyZ/pub?w=960&h=720,<em>Folk Art Murals of the Rufus Porter School </em> by Linda Carter Lefko and Jane E. Radcliffe,"c(42.6689530835842, -71.6954027251432)"
John A. Andrew House,1838,"West Boxford, MA",Porter School,mural,Lipman,school,school,42.7073127171958,-71.0777735727207,"<b>John A. Andrew House</b><br>Attributed to Porter School by Jean Lipman<br>Circa 1838<br><img src='https://docs.google.com/drawings/d/e/2PACX-1vSXB6N3NHpvrEIwkDNYAIBMfqcqrQg_pR8JjuRwtZlQ-RtzjLwZafTKwgWLFq695PT4OeSYL6JDrxyR/pub?w=960&h=720', width = '200'><br><small>Image from <em>Folk Art Murals of the Rufus Porter School </em> by Linda Carter Lefko and Jane E. Radcliffe</small>",https://docs.google.com/drawings/d/e/2PACX-1vSXB6N3NHpvrEIwkDNYAIBMfqcqrQg_pR8JjuRwtZlQ-RtzjLwZafTKwgWLFq695PT4OeSYL6JDrxyR/pub?w=960&h=720,<em>Folk Art Murals of the Rufus Porter School </em> by Linda Carter Lefko and Jane E. Radcliffe,"c(42.7073127171958, -71.0777735727207)"
Elijah Wyman House,1825,"Hancock, NH",Porter School,mural,Lefko,school,school,42.976669517904,-71.9736158496534,"<b>Elijah Wyman House</b><br>Attributed to Porter School by Linda Carter Lefko and Jane E. Radcliffe<br>Circa 1825<br><img src='https://docs.google.com/drawings/d/e/2PACX-1vSxQUbdsFXoRVds2UEVI4Sfgui35K-6LbD1o6BQ-ZAqmhICc0Uq6_8HmXwVHyVf__JGqmomqCXnZm0t/pub?w=960&h=720', width = '200'><br><small>Image from <em>Folk Art Murals of the Rufus Porter School </em> by Linda Carter Lefko and Jane E. Radcliffe</small>",https://docs.google.com/drawings/d/e/2PACX-1vSxQUbdsFXoRVds2UEVI4Sfgui35K-6LbD1o6BQ-ZAqmhICc0Uq6_8HmXwVHyVf__JGqmomqCXnZm0t/pub?w=960&h=720,<em>Folk Art Murals of the Rufus Porter School </em> by Linda Carter Lefko and Jane E. Radcliffe,"c(42.976669517904, -71.9736158496534)"
Hezekiah Hutchins House,1840,"Rumford, ME",Jonathan D. Poor,mural,Lipman,jdp,jdp,44.5539752008289,-70.548208666656,"<b>Hezekiah Hutchins House</b><br>Attributed to Jonathan D. Poor by Jean Lipman<br>Circa 1840<br><img src='https://docs.google.com/drawings/d/e/2PACX-1vT17c-keKb15cHciIHudwbgVgkRObLyYAq_vo3-Xc5NVwrH0dpv7vr1q-qZN46OdXGmulg7WM0QQMtA/pub?w=960&h=720', width = '200'><br><small>Image from <em>Folk Art Murals of the Rufus Porter School </em> by Linda Carter Lefko and Jane E. Radcliffe</small>",https://docs.google.com/drawings/d/e/2PACX-1vT17c-keKb15cHciIHudwbgVgkRObLyYAq_vo3-Xc5NVwrH0dpv7vr1q-qZN46OdXGmulg7WM0QQMtA/pub?w=960&h=720,<em>Folk Art Murals of the Rufus Porter School </em> by Linda Carter Lefko and Jane E. Radcliffe,"c(44.5539752008289, -70.548208666656)"
Deacon John Bailey House,1827,"Portland, ME",Porter School,mural,Lipman,school,school,43.6567837851781,-70.269546944821,"<b>Deacon John Bailey House</b><br>Attributed to Porter School by Jean Lipman<br>Circa 1827<br><img src='https://docs.google.com/drawings/d/e/2PACX-1vTFJerZe8krrDh6HMnfQ-g2RhxnGNnYOIJPDdY0lj-LdI_YzOSLYPwGkLJATgZdo0GN2KRB-kDhzYdk/pub?w=960&h=720', width = '200'><br><small>Image from <em>Folk Art Murals of the Rufus Porter School </em> by Linda Carter Lefko and Jane E. Radcliffe</small>",https://docs.google.com/drawings/d/e/2PACX-1vTFJerZe8krrDh6HMnfQ-g2RhxnGNnYOIJPDdY0lj-LdI_YzOSLYPwGkLJATgZdo0GN2KRB-kDhzYdk/pub?w=960&h=720,<em>Folk Art Murals of the Rufus Porter School </em> by Linda Carter Lefko and Jane E. Radcliffe,"c(43.6567837851781, -70.269546944821)"
Quincy Sylvester House,1830,"Townsend, MA",Porter School,mural,Lefko,school,school,42.6648837115446,-71.7057008567767,"<b>Quincy Sylvester House</b><br>Attributed to Porter School by Linda Carter Lefko and Jane E. Radcliffe<br>Circa 1830<br><img src='https://docs.google.com/drawings/d/e/2PACX-1vTGuQwC9VKSkOVj2sf2SBfIEes_sadMD9Yu7jwnEIoR-7b8AFbV394ctJi6dXCFofHUovxmJ-ckh9wO/pub?w=960&h=720', width = '200'><br><small>Image from <em>Folk Art Murals of the Rufus Porter School </em> by Linda Carter Lefko and Jane E. Radcliffe</small>",https://docs.google.com/drawings/d/e/2PACX-1vTGuQwC9VKSkOVj2sf2SBfIEes_sadMD9Yu7jwnEIoR-7b8AFbV394ctJi6dXCFofHUovxmJ-ckh9wO/pub?w=960&h=720,<em>Folk Art Murals of the Rufus Porter School </em> by Linda Carter Lefko and Jane E. Radcliffe,"c(42.6648837115446, -71.7057008567767)"
Lydia Watson,1833,"Princeton, MA",Rufus Porter,portrait,MFA,portrait,rp,42.4452389332542,-71.8905743611465,"<b>Lydia Watson</b><br>Attributed to  Rufus Porter<br>Circa 1833<br><img src='https://docs.google.com/drawings/d/e/2PACX-1vThhCm9JHQv-ID3TJTNJUaiuYrMKPB2HJY0CPHte-rtcosNcf9LdWmvq0CtFPC9tzO0M_1dAPrp5x1V/pub?w=960&h=720', width = '200'><br><small>Image from Museum of Fine Arts, Boston</small>",https://docs.google.com/drawings/d/e/2PACX-1vThhCm9JHQv-ID3TJTNJUaiuYrMKPB2HJY0CPHte-rtcosNcf9LdWmvq0CtFPC9tzO0M_1dAPrp5x1V/pub?w=960&h=720,"Museum of Fine Arts, Boston","c(42.4452389332542, -71.8905743611465)"
Squire Craigin House,1825,"Greenfield, NH",Porter School,mural,Lipman,school,school,42.9485524346518,-71.8758035299594,"<b>Squire Craigin House</b><br>Attributed to Porter School by Jean Lipman<br>Circa 1825<br><img src='https://docs.google.com/drawings/d/e/2PACX-1vTk2X5Jljk7etSCCl2IBCqgooaRojN6zSSLod43sJxlkF7Of2F3U7GIqsLLvNrDSfBT-QBcvF6ec4QN/pub?w=960&h=720', width = '200'><br><small>Image from <em>Folk Art Murals of the Rufus Porter School </em> by Linda Carter Lefko and Jane E. Radcliffe</small>",https://docs.google.com/drawings/d/e/2PACX-1vTk2X5Jljk7etSCCl2IBCqgooaRojN6zSSLod43sJxlkF7Of2F3U7GIqsLLvNrDSfBT-QBcvF6ec4QN/pub?w=960&h=720,<em>Folk Art Murals of the Rufus Porter School </em> by Linda Carter Lefko and Jane E. Radcliffe,"c(42.9485524346518, -71.8758035299594)"
Haile House,1825,"Surry, NH",Porter School,mural,Lefko,school,school,43.0142487141774,-72.3182033843633,"<b>Haile House</b><br>Attributed to Porter School by Linda Carter Lefko and Jane E. Radcliffe<br>Circa 1825<br><img src='https://docs.google.com/drawings/d/e/2PACX-1vTlvKDPXXiEKCf2JhX1dGXgFua7K8AXXO2Y0-ErchS7qu-x-tpF2unhS9lYq_17w1Q_E7QKchpmSViS/pub?w=960&h=720', width = '200'><br><small>Image from <em>Folk Art Murals of the Rufus Porter School </em> by Linda Carter Lefko and Jane E. Radcliffe</small>",https://docs.google.com/drawings/d/e/2PACX-1vTlvKDPXXiEKCf2JhX1dGXgFua7K8AXXO2Y0-ErchS7qu-x-tpF2unhS9lYq_17w1Q_E7QKchpmSViS/pub?w=960&h=720,<em>Folk Art Murals of the Rufus Porter School </em> by Linda Carter Lefko and Jane E. Radcliffe,"c(43.0142487141774, -72.3182033843633)"
Dr. Moses Mason House,1835,"Bethel, ME",Jonathan D. Poor,mural,tradition,jdp,jdp,44.4061909492644,-70.7907374396602,"<b>Dr. Moses Mason House</b><br>Traditionally attributed to Jonathan D. Poor<br>Circa 1835<br><img src='https://docs.google.com/drawings/d/e/2PACX-1vTUjAezgA8_4fGT5N09kIXxLcP6iYVlk5I6fNqfFDp-B3ynnDlmlSjdqAs2WXjZF2fBvNXjUSSD6zvt/pub?w=960&h=720', width = '200'><br><small>Image from <em>Folk Art Murals of the Rufus Porter School </em> by Linda Carter Lefko and Jane E. Radcliffe</small>",https://docs.google.com/drawings/d/e/2PACX-1vTUjAezgA8_4fGT5N09kIXxLcP6iYVlk5I6fNqfFDp-B3ynnDlmlSjdqAs2WXjZF2fBvNXjUSSD6zvt/pub?w=960&h=720,<em>Folk Art Murals of the Rufus Porter School </em> by Linda Carter Lefko and Jane E. Radcliffe,"c(44.4061909492644, -70.7907374396602)"
Storer Ware House,1838,"Westwood, MA",Rufus Porter and Stephen Twombly Porter,mural,tradition,rp_mural,rp,42.2132420589497,-71.2286769709142,"<b>Storer Ware House</b><br>Traditionally attributed to Rufus Porter and Stephen Twombly Porter<br>Circa 1838<br><img src='https://docs.google.com/drawings/d/e/2PACX-1vTuLW_kLzKPZN-Qmz37Yf4lFZ87_r5DajKbedrGE_hrWNQ3NU4LTcHhBiDDNwTNC1lHJHqG2JECjWGx/pub?w=960&h=720', width = '200'><br><small>Image from <em>Folk Art Murals of the Rufus Porter School </em> by Linda Carter Lefko and Jane E. Radcliffe</small>",https://docs.google.com/drawings/d/e/2PACX-1vTuLW_kLzKPZN-Qmz37Yf4lFZ87_r5DajKbedrGE_hrWNQ3NU4LTcHhBiDDNwTNC1lHJHqG2JECjWGx/pub?w=960&h=720,<em>Folk Art Murals of the Rufus Porter School </em> by Linda Carter Lefko and Jane E. Radcliffe,"c(42.2132420589497, -71.2286769709142)"
Mason Barney House,1830,"Swansea, MA",Porter School,mural,Lefko,school,school,41.7483108408947,-71.1927134039621,"<b>Mason Barney House</b><br>Attributed to Porter School by Linda Carter Lefko and Jane E. Radcliffe<br>Circa 1830<br><img src='https://docs.google.com/drawings/d/e/2PACX-1vTwCb-LJyJBet8pOdX9FF2me-qwD3J2DJynCAjuThl9WEqsMU3jZxKF9DCzbk0kS_aWxcx5HZnRouET/pub?w=960&h=720', width = '200'><br><small>Image from <em>Folk Art Murals of the Rufus Porter School </em> by Linda Carter Lefko and Jane E. Radcliffe</small>",https://docs.google.com/drawings/d/e/2PACX-1vTwCb-LJyJBet8pOdX9FF2me-qwD3J2DJynCAjuThl9WEqsMU3jZxKF9DCzbk0kS_aWxcx5HZnRouET/pub?w=960&h=720,<em>Folk Art Murals of the Rufus Porter School </em> by Linda Carter Lefko and Jane E. Radcliffe,"c(41.7483108408947, -71.1927134039621)"
Captain Thomas Dodge House,1810,"Lisbon, NH",Bears and Pears Artist,mural,Lefko,other,other,44.215570282009,-71.9217439003595,"<b>Captain Thomas Dodge House</b><br>Attributed to Bears and Pears Artist by Linda Carter Lefko and Jane E. Radcliffe<br>Circa 1810<br><img src='https://docs.google.com/drawings/d/e/2PACX-1vTXLZ20ysk-Yf5JL-ID76ts4TMkt_SUzAQlayDYKqA7m7gwOBq-0tFZd-BqnB8-Mw3LxlTlZLRygHof/pub?w=960&h=720', width = '200'><br><small>Image from <em>Folk Art Murals of the Rufus Porter School </em> by Linda Carter Lefko and Jane E. Radcliffe</small>",https://docs.google.com/drawings/d/e/2PACX-1vTXLZ20ysk-Yf5JL-ID76ts4TMkt_SUzAQlayDYKqA7m7gwOBq-0tFZd-BqnB8-Mw3LxlTlZLRygHof/pub?w=960&h=720,<em>Folk Art Murals of the Rufus Porter School </em> by Linda Carter Lefko and Jane E. Radcliffe,"c(44.215570282009, -71.9217439003595)"
Job Lane House,1830,"Bedford, MA",Porter School,mural,Lipman,school,school,42.4910696227548,-71.262348801484407,"<b>Job Lane House</b><br>Attributed to Porter School by Jean Lipman<br>Circa 1830<br><img src='https://joblanefarmmuseum.org/wp-content/uploads/2021/10/DSCN1317-768x576.jpg', width = '200'><br><small>Image from Job Lane Farm Museum</small>",https://joblanefarmmuseum.org/wp-content/uploads/2021/10/DSCN1317-768x576.jpg,Job Lane Farm Museum,"c(42.4910696227548, -71.2623488014844)"
Oliver Wight House,1830,"Sturbridge, MA",Porter School,mural,OSV,school,school,42.1107920656488,-72.0816970158278,"<b>Oliver Wight House</b><br>Attributed to  Porter School<br>Circa 1830<br><img src='https://upload.wikimedia.org/wikipedia/commons/8/8f/OWHPortermural2.jpg', width = '200'><br><small>Image from Wikimedia Commons</small>",https://upload.wikimedia.org/wikipedia/commons/8/8f/OWHPortermural2.jpg,Wikimedia Commons,"c(42.1107920656488, -72.0816970158278)"
Prescott Tavern,1824,"East Jaffrey, NH",Porter School,mural,Lipman,school,school,42.8151164981019,-72.0304762020801,"<b>Prescott Tavern</b><br>Attributed to Porter School by Jean Lipman<br>Circa 1824<br><img src='https://upload.wikimedia.org/wikipedia/commons/c/cc/Rufus_Porter_-_Boston_Harbor_-_2007.385_-_Museum_of_Fine_Arts.jpg', width = '200'><br><small>Image from Wikimedia Commons</small>",https://upload.wikimedia.org/wikipedia/commons/c/cc/Rufus_Porter_-_Boston_Harbor_-_2007.385_-_Museum_of_Fine_Arts.jpg,Wikimedia Commons,"c(42.8151164981019, -72.0304762020801)"
Dr. Francis Howe House,1838,"Westwood, MA",Rufus Porter and Stephen Twombly Porter,mural,signed,rp_mural,rp,42.2139783969185,-71.2159664878347,"<b>Dr. Francis Howe House</b><br>Signed by Rufus Porter and Stephen Twombly Porter<br>Circa 1838<br><img src='https://upload.wikimedia.org/wikipedia/en/e/e1/Wall_mural_by_Rufus_Porter.jpg', width = '200'><br><small>Image from Wikimedia Commons</small>",https://upload.wikimedia.org/wikipedia/en/e/e1/Wall_mural_by_Rufus_Porter.jpg,Wikimedia Commons,"c(42.2139783969185, -71.2159664878347)"
John Hancock Inn,1825,"Hancock, NH",Porter School,mural,Lipman,school,school,42.970795193323,-71.986725075892,"<b>John Hancock Inn</b><br>Attributed to Porter School by Jean Lipman<br>Circa 1825<br><img src='https://www.ledgertranscript.com/getattachment/8fdc6a21-ab1a-404d-bd3c-dab1eb234b96/rerufus-ml-011620-ph1', width = '200'><br><small>Image from ""Muralist Rufus Porter left his mark on many homes and inns in the Monadnock Region"" by Abbe Hamiltoon</small>",https://www.ledgertranscript.com/getattachment/8fdc6a21-ab1a-404d-bd3c-dab1eb234b96/rerufus-ml-011620-ph1,"""Muralist Rufus Porter left his mark on many homes and inns in the Monadnock Region"" by Abbe Hamiltoon","c(42.970795193323, -71.986725075892)"
Jonathan Smith and Pamelia Moors,1825,"Chelmsford, MA",Rufus Porter,portrait,Bowdoin,portrait,rp,42.6014202189742,-71.3789139678751,"<b>Jonathan Smith and Pamelia Moors</b><br>Attributed to Rufus Porter by Bowdoin College Museum of Art<br>Circa 1825<br><img src='https://www.themagazineantiques.com/wp-content/uploads/2020/01/3-MrNMrsSmith_r-porter.jpg', width = '200'><br><small>Image from ""Revisiting Rufus Porter"" by  Suzanne Rudnick Payne AND Michael R. Payne</small>",https://www.themagazineantiques.com/wp-content/uploads/2020/01/3-MrNMrsSmith_r-porter.jpg,"""Revisiting Rufus Porter"" by  Suzanne Rudnick Payne AND Michael R. Payne","c(42.6014202189742, -71.3789139678751)"
Hannah Trow Flagg,1830,"Andover, MA",Rufus Porter,portrait,Bowdoin,portrait,rp,42.6558435148703,-71.1262838331927,"<b>Hannah Trow Flagg</b><br>Attributed to Rufus Porter by Bowdoin College Museum of Art<br>Circa 1830<br><img src='https://www.themagazineantiques.com/wp-content/uploads/2020/01/4a-HannahFlaggInFrame.jpg', width = '200'><br><small>Image from ""Revisiting Rufus Porter"" by  Suzanne Rudnick Payne AND Michael R. Payne</small>",https://www.themagazineantiques.com/wp-content/uploads/2020/01/4a-HannahFlaggInFrame.jpg,"""Revisiting Rufus Porter"" by  Suzanne Rudnick Payne AND Michael R. Payne","c(42.6558435148703, -71.1262838331927)"
Timothy Flagg,1830,"Andover, MA",Rufus Porter,portrait,Bowdoin,portrait,rp,42.6596539553494,-71.1496867343933,"<b>Timothy Flagg</b><br>Attributed to Rufus Porter by Bowdoin College Museum of Art<br>Circa 1830<br><img src='https://www.themagazineantiques.com/wp-content/uploads/2020/01/4b-TimothyFlagg_porter-copy-2.jpg', width = '200'><br><small>Image from ""Revisiting Rufus Porter"" by  Suzanne Rudnick Payne AND Michael R. Payne</small>",https://www.themagazineantiques.com/wp-content/uploads/2020/01/4b-TimothyFlagg_porter-copy-2.jpg,"""Revisiting Rufus Porter"" by  Suzanne Rudnick Payne AND Michael R. Payne","c(42.6596539553494, -71.1496867343933)"
E.A. West House,1838,"Westwood, MA",Rufus Porter and Stephen Twombly Porter,mural,tradition,rp_mural,rp,42.2144955288433,-71.2263769135768,"<b>E.A. West House</b><br>Traditionally attributed to Rufus Porter and Stephen Twombly Porter<br>Circa 1838<br><img src='https://www.themagazineantiques.com/wp-content/uploads/2020/01/IMG_0011c.jpg', width = '200'><br><small>Image from ""Revisiting Rufus Porter"" by  Suzanne Rudnick Payne AND Michael R. Payne</small>",https://www.themagazineantiques.com/wp-content/uploads/2020/01/IMG_0011c.jpg,"""Revisiting Rufus Porter"" by  Suzanne Rudnick Payne AND Michael R. Payne","c(42.2144955288433, -71.2263769135768)"
Child of the Lane Family,1815,"Portland, ME",Rufus Porter,portrait,Bowdoin,portrait,rp,43.6563287995133,-70.2460657176235,"<b>Child of the Lane Family</b><br>Attributed to Rufus Porter by Bowdoin College Museum of Art<br>Circa 1815<br><img src='NA', width = '200'><br><small>Image from NA</small>",NA,NA,"c(43.6563287995133, -70.2460657176235)"
Thomas Long,1815,"Portland, ME",Rufus Porter,portrait,Bowdoin,portrait,rp,43.6617720897843,-70.2682069769259,"<b>Thomas Long</b><br>Attributed to Rufus Porter by Bowdoin College Museum of Art<br>Circa 1815<br><img src='https://docs.google.com/drawings/d/e/2PACX-1vSfINhJjf3yJfcuGbm_WDFzibmeCfEKsQwno_lMMzUEiNx4EQGZco-SC9Ay3vesFt4zerDE4A1J2av4/pub?w=960&h=720', width = '200'><br><small>Image from <em>Rufus Porter's Curious World</em> published by the Pennsylvania State University Press and Bowdoin College Museum of Art</small>",https://docs.google.com/drawings/d/e/2PACX-1vSfINhJjf3yJfcuGbm_WDFzibmeCfEKsQwno_lMMzUEiNx4EQGZco-SC9Ay3vesFt4zerDE4A1J2av4/pub?w=960&h=720,<em>Rufus Porter's Curious World</em> published by the Pennsylvania State University Press and Bowdoin College Museum of Art,"c(43.6617720897843, -70.2682069769259)"
Mercy Davies,1818,"Acton, MA",Rufus Porter,portrait,Bowdoin,portrait,rp,42.4829318388452,-71.422895648788,"<b>Mercy Davies</b><br>Attributed to Rufus Porter by Bowdoin College Museum of Art<br>Circa 1818<br><img src='NA', width = '200'><br><small>Image from NA</small>",NA,NA,"c(42.4829318388452, -71.422895648788)"
Sarah Warland Porter,1819,"Cambridge, MA",Rufus Porter,portrait,Bowdoin,portrait,rp,42.3701419720535,-71.1018017347354,"<b>Sarah Warland Porter</b><br>Attributed to Rufus Porter by Bowdoin College Museum of Art<br>Circa 1819<br><img src='NA', width = '200'><br><small>Image from NA</small>",NA,NA,"c(42.3701419720535, -71.1018017347354)"
Israel Porter,1819,"Cambridge, MA",Rufus Porter,portrait,Bowdoin,portrait,rp,42.3746657645531,-71.1168085819449,"<b>Israel Porter</b><br>Attributed to Rufus Porter by Bowdoin College Museum of Art<br>Circa 1819<br><img src='NA', width = '200'><br><small>Image from NA</small>",NA,NA,"c(42.3746657645531, -71.1168085819449)"
Lot Robbins,1820,"Lexington, MA",Rufus Porter,portrait,Bowdoin,portrait,rp,42.4482862837054,-71.2361177675761,"<b>Lot Robbins</b><br>Attributed to Rufus Porter by Bowdoin College Museum of Art<br>Circa 1820<br><img src='NA', width = '200'><br><small>Image from NA</small>",NA,NA,"c(42.4482862837054, -71.2361177675761)"
Eliza Greenleaf Plummer,1821,"Haverhill, MA",Rufus Porter,portrait,Bowdoin,portrait,rp,42.7756041831581,-71.0706723301938,"<b>Eliza Greenleaf Plummer</b><br>Attributed to Rufus Porter by Bowdoin College Museum of Art<br>Circa 1821<br><img src='NA', width = '200'><br><small>Image from NA</small>",NA,NA,"c(42.7756041831581, -71.0706723301938)"
Volunteer Infantry or Light Infantry Company Member,1825,"Boston, MA",Rufus Porter,portrait,Bowdoin,portrait,rp,42.3618173263642,-71.0581036179171,"<b>Volunteer Infantry or Light Infantry Company Member</b><br>Attributed to Rufus Porter by Bowdoin College Museum of Art<br>Circa 1825<br><img src='https://docs.google.com/drawings/d/e/2PACX-1vSZsGUQ3AsPKmuG2OtU6eG-TElheg3fQPmVhlQRiV5ASMWHOjFOfhr3DVKcqdzFxwzokXPXEAW1dWD1/pub?w=960&h=720', width = '200'><br><small>Image from <em>Rufus Porter's Curious World</em> published by the Pennsylvania State University Press and Bowdoin College Museum of Art</small>",https://docs.google.com/drawings/d/e/2PACX-1vSZsGUQ3AsPKmuG2OtU6eG-TElheg3fQPmVhlQRiV5ASMWHOjFOfhr3DVKcqdzFxwzokXPXEAW1dWD1/pub?w=960&h=720,<em>Rufus Porter's Curious World</em> published by the Pennsylvania State University Press and Bowdoin College Museum of Art,"c(42.3618173263642, -71.0581036179171)"
Martha Swan Flagg,1830,"Andover, MA",Rufus Porter,portrait,Bowdoin,portrait,rp,42.6570250168825,-71.1370185671728,"<b>Martha Swan Flagg</b><br>Attributed to Rufus Porter by Bowdoin College Museum of Art<br>Circa 1830<br><img src='NA', width = '200'><br><small>Image from NA</small>",NA,NA,"c(42.6570250168825, -71.1370185671728)"
John Flagg,1830,"Andover, MA",Rufus Porter,portrait,Bowdoin,portrait,rp,42.6607856579244,-71.1435902115536,"<b>John Flagg</b><br>Attributed to Rufus Porter by Bowdoin College Museum of Art<br>Circa 1830<br><img src='NA', width = '200'><br><small>Image from NA</small>",NA,NA,"c(42.6607856579244, -71.1435902115536)"
"Reuben Bacon, Jr.",1830,"Bedford, MA",Rufus Porter,portrait,Bowdoin,portrait,rp,42.4923974116007,-71.2663188433429,"<b>Reuben Bacon, Jr.</b><br>Attributed to Rufus Porter by Bowdoin College Museum of Art<br>Circa 1830<br><img src='NA', width = '200'><br><small>Image from NA</small>",NA,NA,"c(42.4923974116007, -71.2663188433429)"
Jane Noyes Gage,1838,"Lawrence, MA",Rufus Porter,portrait,Bowdoin,portrait,rp,42.7050719447285,-71.1620847038602,"<b>Jane Noyes Gage</b><br>Attributed to Rufus Porter by Bowdoin College Museum of Art<br>Circa 1838<br><img src='NA', width = '200'><br><small>Image from NA</small>",NA,NA,"c(42.7050719447285, -71.1620847038602)"
Joseph Nichols Gage,1838,"Lawrence, MA",Rufus Porter,portrait,Bowdoin,portrait,rp,42.7100173897484,-71.1583753476428,"<b>Joseph Nichols Gage</b><br>Attributed to Rufus Porter by Bowdoin College Museum of Art<br>Circa 1838<br><img src='NA', width = '200'><br><small>Image from NA</small>",NA,NA,"c(42.7100173897484, -71.1583753476428)"
Fruitlands Museums,1830,"Harvard, MA",Porter School,mural,Fruitlands Museums,school,school,42.5028900665015,-71.5960599370083,"<b>Fruitlands Museums</b><br>Attributed to  Porter School<br>Circa 1830<br><img src='NA', width = '200'><br><small>Image from NA</small>",NA,NA,"c(42.5028900665015, -71.5960599370083)"
Coburn Tavern,1824,"East Peperell, MA",Porter School,mural,Lipman,school,school,42.6671463308555,-71.5768696880051,"<b>Coburn Tavern</b><br>Attributed to Porter School by Jean Lipman<br>Circa 1824<br><img src='https://docs.google.com/drawings/d/e/2PACX-1vQVPuxZKbSv0DdDddKW_YDzT_1BXTzTU57Fyk6ZgzX4ORI3e2IdBYwUgmz7qR277jUhU--v9yN8BiRg/pub?w=960&h=720', width = '200'><br><small>Image from <em>Rufus Porter: Rediscovered</em> by Jean Lipman</small>",https://docs.google.com/drawings/d/e/2PACX-1vQVPuxZKbSv0DdDddKW_YDzT_1BXTzTU57Fyk6ZgzX4ORI3e2IdBYwUgmz7qR277jUhU--v9yN8BiRg/pub?w=960&h=720,<em>Rufus Porter: Rediscovered</em> by Jean Lipman,"c(42.6671463308555, -71.5768696880051)"
Ellerton Jette House,1824,"Sebec, ME","Rufus Porter and Moses Eaton, Jr.",mural,Lipman,rp_mural,rp,45.2709226735872,-69.119708583186707,"<b>Ellerton Jette House</b><br>Attributed to Rufus Porter and Moses Eaton, Jr. by Jean Lipman<br>Circa 1824<br><img src='https://docs.google.com/drawings/d/e/2PACX-1vRCqGdhI9N6ufpXQX0WGHzKBYanLbP-Qw0mnLmFaqvYtrc1HTdL_BRUAyRPKrJPLICjy949rnAwom_A/pub?w=960&h=720', width = '200'><br><small>Image from <em>Rufus Porter: Rediscovered</em> by Jean Lipman</small>",https://docs.google.com/drawings/d/e/2PACX-1vRCqGdhI9N6ufpXQX0WGHzKBYanLbP-Qw0mnLmFaqvYtrc1HTdL_BRUAyRPKrJPLICjy949rnAwom_A/pub?w=960&h=720,<em>Rufus Porter: Rediscovered</em> by Jean Lipman,"c(45.2709226735872, -69.1197085831867)"
Don Pierce House,1824,"East Jaffrey, NH",Porter School,mural,Lipman,school,school,42.8121053196038,-72.0161836766517,"<b>Don Pierce House</b><br>Attributed to Porter School by Jean Lipman<br>Circa 1824<br><img src='NA', width = '200'><br><small>Image from NA</small>",NA,NA,"c(42.8121053196038, -72.0161836766517)"
Miss Mary and Dr. Fredrika Moore House,1824,"Hancock, NH",Porter School,mural,Lipman,school,school,42.9769802943914,-71.9766843338287,"<b>Miss Mary and Dr. Fredrika Moore House</b><br>Attributed to Porter School by Jean Lipman<br>Circa 1824<br><img src='NA', width = '200'><br><small>Image from NA</small>",NA,NA,"c(42.9769802943914, -71.9766843338287)"
Bidwell Tavern,1824,"Langdon, NH",Porter School,mural,Lipman,school,school,43.1704362877311,-72.3798580838764,"<b>Bidwell Tavern</b><br>Attributed to Porter School by Jean Lipman<br>Circa 1824<br><img src='https://docs.google.com/drawings/d/e/2PACX-1vTFCJCPFX_85YA9yz9wlz9GLScvXw98cBo8aM_8mO37Yo9VYKfR8aMU8y16yS_LsahPmkBNfDrMRQW2/pub?w=960&h=720', width = '200'><br><small>Image from <em>Rufus Porter: Rediscovered</em> by Jean Lipman</small>",https://docs.google.com/drawings/d/e/2PACX-1vTFCJCPFX_85YA9yz9wlz9GLScvXw98cBo8aM_8mO37Yo9VYKfR8aMU8y16yS_LsahPmkBNfDrMRQW2/pub?w=960&h=720,<em>Rufus Porter: Rediscovered</em> by Jean Lipman,"c(43.1704362877311, -72.3798580838764)"
Neighborhood House,1825,"Dover, NH",Porter School,mural,Lipman,school,school,43.1976507613322,-70.8721217924251,"<b>Neighborhood House</b><br>Attributed to Porter School by Jean Lipman<br>Circa 1825<br><img src='NA', width = '200'><br><small>Image from NA</small>",NA,NA,"c(43.1976507613322, -70.8721217924251)"
James T. Garvin House,1825,"Greenfield, NH",Porter School,mural,Lipman,school,school,42.9518581014298,-71.869978979062,"<b>James T. Garvin House</b><br>Attributed to Porter School by Jean Lipman<br>Circa 1825<br><img src='NA', width = '200'><br><small>Image from NA</small>",NA,NA,"c(42.9518581014298, -71.869978979062)"
Eliot Hutchinson House,1825,"Greenfield, NH",Porter School,mural,Lipman,school,school,42.9538985335622,-71.8849402765318,"<b>Eliot Hutchinson House</b><br>Attributed to Porter School by Jean Lipman<br>Circa 1825<br><img src='NA', width = '200'><br><small>Image from NA</small>",NA,NA,"c(42.9538985335622, -71.8849402765318)"
Cynthia Porter Weston House,1825,"Hancock, NH",Porter School,mural,Lipman,school,school,42.9690547733933,-71.9904166623591,"<b>Cynthia Porter Weston House</b><br>Attributed to Porter School by Jean Lipman<br>Circa 1825<br><img src='NA', width = '200'><br><small>Image from NA</small>",NA,NA,"c(42.9690547733933, -71.9904166623591)"
Grace D. Wilson-Lavery House,1825,"Haverhill, NH",Porter School,mural,Lipman,school,school,44.0365662949276,-72.067381532436,"<b>Grace D. Wilson-Lavery House</b><br>Attributed to Porter School by Jean Lipman<br>Circa 1825<br><img src='NA', width = '200'><br><small>Image from NA</small>",NA,NA,"c(44.0365662949276, -72.067381532436)"
Frederick Wagner House,1825,"Lyme, NH",Porter School,mural,Lipman,school,school,43.8101845569934,-72.1457069040668,"<b>Frederick Wagner House</b><br>Attributed to Porter School by Jean Lipman<br>Circa 1825<br><img src='NA', width = '200'><br><small>Image from NA</small>",NA,NA,"c(43.8101845569934, -72.1457069040668)"
Dennis House,1825,"Lyme, NH",Porter School,mural,Lipman,school,school,43.8124338562996,-72.167280144083,"<b>Dennis House</b><br>Attributed to Porter School by Jean Lipman<br>Circa 1825<br><img src='NA', width = '200'><br><small>Image from NA</small>",NA,NA,"c(43.8124338562996, -72.167280144083)"
Perkins-Simmons House,1825,"Lyme, NH",Porter School,mural,Lipman,school,school,43.8103545645749,-72.1636366861724,"<b>Perkins-Simmons House</b><br>Attributed to Porter School by Jean Lipman<br>Circa 1825<br><img src='NA', width = '200'><br><small>Image from NA</small>",NA,NA,"c(43.8103545645749, -72.1636366861724)"
Jonathan Batchelder House,1825,"Mason, NH",Porter School,mural,Lipman,school,school,42.7455482729401,-71.770213159833,"<b>Jonathan Batchelder House</b><br>Attributed to Porter School by Jean Lipman<br>Circa 1825<br><img src='NA', width = '200'><br><small>Image from NA</small>",NA,NA,"c(42.7455482729401, -71.770213159833)"
Joseph Saunders House,1825,"Mason, NH",Porter School,mural,Lipman,school,school,42.744990464979,-71.7783637697794,"<b>Joseph Saunders House</b><br>Attributed to Porter School by Jean Lipman<br>Circa 1825<br><img src='NA', width = '200'><br><small>Image from NA</small>",NA,NA,"c(42.744990464979, -71.7783637697794)"
Gardner Davis House,1825,"New Ipswich, NH",Porter School,mural,Lipman,school,school,42.7333873287579,-71.8812690342784,"<b>Gardner Davis House</b><br>Attributed to Porter School by Jean Lipman<br>Circa 1825<br><img src='https://docs.google.com/drawings/d/e/2PACX-1vTG_ttTlkADcDj7ZHyB6bE_wQ_Sb64PcVQOK6Sv7q3iLWT6k_vWWZP5ZzEVuDFPSqsCsYZU08jS6nmU/pub?w=960&h=720', width = '200'><br><small>Image from <em>Rufus Porter: Rediscovered</em> by Jean Lipman</small>",https://docs.google.com/drawings/d/e/2PACX-1vTG_ttTlkADcDj7ZHyB6bE_wQ_Sb64PcVQOK6Sv7q3iLWT6k_vWWZP5ZzEVuDFPSqsCsYZU08jS6nmU/pub?w=960&h=720,<em>Rufus Porter: Rediscovered</em> by Jean Lipman,"c(42.7333873287579, -71.8812690342784)"
Gould-Chickering House,1825,"New Ipswich, NH",Porter School,mural,Lipman,school,school,42.7348359189447,-71.8853581033902,"<b>Gould-Chickering House</b><br>Attributed to Porter School by Jean Lipman<br>Circa 1825<br><img src='NA', width = '200'><br><small>Image from NA</small>",NA,NA,"c(42.7348359189447, -71.8853581033902)"
Harold Kimball House,1825,"North Haverhill, NH",Porter School,mural,Lipman,school,school,44.0816879903408,-72.033766654859,"<b>Harold Kimball House</b><br>Attributed to Porter School by Jean Lipman<br>Circa 1825<br><img src='NA', width = '200'><br><small>Image from NA</small>",NA,NA,"c(44.0816879903408, -72.033766654859)"
Leslie Lackie House,1825,"North Haverhill, NH",Porter School,mural,Lipman,school,school,44.0877272816852,-72.0148352991243,"<b>Leslie Lackie House</b><br>Attributed to Porter School by Jean Lipman<br>Circa 1825<br><img src='NA', width = '200'><br><small>Image from NA</small>",NA,NA,"c(44.0877272816852, -72.0148352991243)"
Ellis Place,1827,"Portland, ME",Porter School,mural,Lipman,school,school,43.6567679107388,-70.26725115768,"<b>Ellis Place</b><br>Attributed to Porter School by Jean Lipman<br>Circa 1827<br><img src='NA', width = '200'><br><small>Image from NA</small>",NA,NA,"c(43.6567679107388, -70.26725115768)"
Penniman-Stearns House,1830,"Bedford, MA",Porter School,mural,Lipman,school,school,42.4936296167292,-71.2785371453685,"<b>Penniman-Stearns House</b><br>Attributed to Porter School by Jean Lipman<br>Circa 1830<br><img src='NA', width = '200'><br><small>Image from NA</small>",NA,NA,"c(42.4936296167292, -71.2785371453685)"
Jonas Monroe House,1830,"Bedford, MA",Porter School,mural,Lipman,school,school,42.4940824356332,-71.2879197929394,"<b>Jonas Monroe House</b><br>Attributed to Porter School by Jean Lipman<br>Circa 1830<br><img src='NA', width = '200'><br><small>Image from NA</small>",NA,NA,"c(42.4940824356332, -71.2879197929394)"
Carroll Dunham House,1830,"Bedford, MA",Porter School,mural,Lipman,school,school,42.4874323549743,-71.2736055474275,"<b>Carroll Dunham House</b><br>Attributed to Porter School by Jean Lipman<br>Circa 1830<br><img src='NA', width = '200'><br><small>Image from NA</small>",NA,NA,"c(42.4874323549743, -71.2736055474275)"
Donald Schult House,1830,"Billerica, MA",Porter School,mural,Lipman,school,school,42.5602256098313,-71.2706241053439,"<b>Donald Schult House</b><br>Attributed to Porter School by Jean Lipman<br>Circa 1830<br><img src='NA', width = '200'><br><small>Image from NA</small>",NA,NA,"c(42.5602256098313, -71.2706241053439)"
Lyons House,1830,"Billerica, MA",Porter School,mural,Lipman,school,school,42.5574874129342,-71.2730591925778,"<b>Lyons House</b><br>Attributed to Porter School by Jean Lipman<br>Circa 1830<br><img src='NA', width = '200'><br><small>Image from NA</small>",NA,NA,"c(42.5574874129342, -71.2730591925778)"
Dyer House,1830,"Billerica, MA",Porter School,mural,Lipman,school,school,42.559380146768,-71.2789650111049,"<b>Dyer House</b><br>Attributed to Porter School by Jean Lipman<br>Circa 1830<br><img src='NA', width = '200'><br><small>Image from NA</small>",NA,NA,"c(42.559380146768, -71.2789650111049)"
Manning Manse,1830,"Billerica, MA",Porter School,mural,Lipman,school,school,42.556443542736,-71.2597394741377,"<b>Manning Manse</b><br>Attributed to Porter School by Jean Lipman<br>Circa 1830<br><img src='NA', width = '200'><br><small>Image from NA</small>",NA,NA,"c(42.556443542736, -71.2597394741377)"
Harold Stacey House,1830,"Groveland, MA",Porter School,mural,Lipman,school,school,42.7568885876127,-71.0329942929154,"<b>Harold Stacey House</b><br>Attributed to Porter School by Jean Lipman<br>Circa 1830<br><img src='NA', width = '200'><br><small>Image from NA</small>",NA,NA,"c(42.7568885876127, -71.0329942929154)"
Spofford House,1830,"Groveland, MA",Porter School,mural,Lipman,school,school,42.7632776649322,-71.0396647807391,"<b>Spofford House</b><br>Attributed to Porter School by Jean Lipman<br>Circa 1830<br><img src='NA', width = '200'><br><small>Image from NA</small>",NA,NA,"c(42.7632776649322, -71.0396647807391)"
Edna Worthing Cottage,1830,"Groveland, MA",Porter School,mural,Lipman,school,school,42.7608258070036,-71.029688268778,"<b>Edna Worthing Cottage</b><br>Attributed to Porter School by Jean Lipman<br>Circa 1830<br><img src='NA', width = '200'><br><small>Image from NA</small>",NA,NA,"c(42.7608258070036, -71.029688268778)"
Wallace F. Bryant Estate Apartments (Whitney house),1830,"Harvard, MA",Porter School,mural,Lipman,school,school,42.5016167083114,-71.575462599282,"<b>Wallace F. Bryant Estate Apartments (Whitney house)</b><br>Attributed to Porter School by Jean Lipman<br>Circa 1830<br><img src='NA', width = '200'><br><small>Image from NA</small>",NA,NA,"c(42.5016167083114, -71.575462599282)"
Joshua Simons House,1830,"Lexington, MA",Porter School,mural,Lipman,school,school,42.4487629194936,-71.2357724532132,"<b>Joshua Simons House</b><br>Attributed to Porter School by Jean Lipman<br>Circa 1830<br><img src='NA', width = '200'><br><small>Image from NA</small>",NA,NA,"c(42.4487629194936, -71.2357724532132)"
Faith Gardner House,1830,"Lunenburg, MA",Porter School,mural,Lipman,school,school,42.5970965089324,-71.7259367094228,"<b>Faith Gardner House</b><br>Attributed to Porter School by Jean Lipman<br>Circa 1830<br><img src='NA', width = '200'><br><small>Image from NA</small>",NA,NA,"c(42.5970965089324, -71.7259367094228)"
Sargent House,1830,"Merrimac, MA",Porter School,mural,Lipman,school,school,42.8354455720808,-70.9988671728517,"<b>Sargent House</b><br>Attributed to Porter School by Jean Lipman<br>Circa 1830<br><img src='NA', width = '200'><br><small>Image from NA</small>",NA,NA,"c(42.8354455720808, -70.9988671728517)"
Ronald Shaw HOuse,1830,"Merrimacport, MA",Porter School,mural,Lipman,school,school,42.8295217651806,-70.9986694793779,"<b>Ronald Shaw HOuse</b><br>Attributed to Porter School by Jean Lipman<br>Circa 1830<br><img src='NA', width = '200'><br><small>Image from NA</small>",NA,NA,"c(42.8295217651806, -70.9986694793779)"
Charles A. Smith House,1830,"Townsend, MA",Porter School,mural,Lipman,school,school,42.6672670357209,-71.7021189162926,"<b>Charles A. Smith House</b><br>Attributed to Porter School by Jean Lipman<br>Circa 1830<br><img src='NA', width = '200'><br><small>Image from NA</small>",NA,NA,"c(42.6672670357209, -71.7021189162926)"
Carroll Rounds House,1830,"Buxton, ME",Porter School,mural,Lipman,school,school,43.6405634568076,-70.5165263894758,"<b>Carroll Rounds House</b><br>Attributed to Porter School by Jean Lipman<br>Circa 1830<br><img src='NA', width = '200'><br><small>Image from NA</small>",NA,NA,"c(43.6405634568076, -70.5165263894758)"
A.I. Poulsen House,1830,"Buxton, ME",Porter School,mural,Lipman,school,school,43.6407699847201,-70.510920646497,"<b>A.I. Poulsen House</b><br>Attributed to Porter School by Jean Lipman<br>Circa 1830<br><img src='NA', width = '200'><br><small>Image from NA</small>",NA,NA,"c(43.6407699847201, -70.510920646497)"
Dr. Files House,1830,"Gorham, ME",Porter School,mural,Lipman,school,school,43.6778390624459,-70.4309557867331,"<b>Dr. Files House</b><br>Attributed to Porter School by Jean Lipman<br>Circa 1830<br><img src='NA', width = '200'><br><small>Image from NA</small>",NA,NA,"c(43.6778390624459, -70.4309557867331)"
Quillcote,1830,"Hollis Center, ME",Porter School,mural,Lipman,school,school,43.6329601931362,-70.6255522213079,"<b>Quillcote</b><br>Attributed to Porter School by Jean Lipman<br>Circa 1830<br><img src='NA', width = '200'><br><small>Image from NA</small>",NA,NA,"c(43.6329601931362, -70.6255522213079)"
H.O. Wood House,1830,"Lewiston, ME",Orison Wood,mural,Lipman,other,other,44.0973401676519,-70.221699327311,"<b>H.O. Wood House</b><br>Attributed to Orison Wood by Jean Lipman<br>Circa 1830<br><img src='NA', width = '200'><br><small>Image from NA</small>",NA,NA,"c(44.0973401676519, -70.221699327311)"
Howard W. Mann House,1830,"Lewiston, ME",Orison Wood,mural,Lipman,other,other,44.0962832454749,-70.2204614619821,"<b>Howard W. Mann House</b><br>Attributed to Orison Wood by Jean Lipman<br>Circa 1830<br><img src='NA', width = '200'><br><small>Image from NA</small>",NA,NA,"c(44.0962832454749, -70.2204614619821)"
Simon Martson House,1830,"Monmouth, ME",Porter School,mural,Lipman,school,school,44.2392660572897,-70.0220258499708,"<b>Simon Martson House</b><br>Attributed to Porter School by Jean Lipman<br>Circa 1830<br><img src='NA', width = '200'><br><small>Image from NA</small>",NA,NA,"c(44.2392660572897, -70.0220258499708)"
Ingalls House,1830,"South Bridgton, ME",Porter School,mural,Lipman,school,school,43.9879581887477,-70.7155461964662,"<b>Ingalls House</b><br>Attributed to Porter School by Jean Lipman<br>Circa 1830<br><img src='NA', width = '200'><br><small>Image from NA</small>",NA,NA,"c(43.9879581887477, -70.7155461964662)"
Captain Leavitt House,1830,"Turner, ME",Orison Wood,mural,Lipman,other,other,44.2538980835678,-70.2536604434389,"<b>Captain Leavitt House</b><br>Attributed to Orison Wood by Jean Lipman<br>Circa 1830<br><img src='NA', width = '200'><br><small>Image from NA</small>",NA,NA,"c(44.2538980835678, -70.2536604434389)"
Unidentified House,1830,"Turner, ME",Orison Wood,mural,Lipman,other,other,44.2529948501593,-70.2625568891851,"<b>Unidentified House</b><br>Attributed to Orison Wood by Jean Lipman<br>Circa 1830<br><img src='NA', width = '200'><br><small>Image from NA</small>",NA,NA,"c(44.2529948501593, -70.2625568891851)"
Unidentified House,1835,"West Mt. Vernon, ME",Jonathan D. Poor,mural,Lipman,jdp,jdp,44.4561230091027,-70.019452687349,"<b>Unidentified House</b><br>Attributed to Jonathan D. Poor by Jean Lipman<br>Circa 1835<br><img src='NA', width = '200'><br><small>Image from NA</small>",NA,NA,"c(44.4561230091027, -70.019452687349)"
Unidentified House,1833,"Vienna, ME",Jonathan D. Poor,mural,tradition,jdp,jdp,44.533090502766,-69.9927276563064,"<b>Unidentified House</b><br>Traditionally attributed to Jonathan D. Poor<br>Circa 1833<br><img src='NA', width = '200'><br><small>Image from NA</small>",NA,NA,"c(44.533090502766, -69.9927276563064)"
Cushman Tavern,1830,"Webster Corner, ME",Orison Wood,mural,Lipman,other,other,44.0581708243067,-70.0891711617132,"<b>Cushman Tavern</b><br>Attributed to Orison Wood by Jean Lipman<br>Circa 1830<br><img src='NA', width = '200'><br><small>Image from NA</small>",NA,NA,"c(44.0581708243067, -70.0891711617132)"
Otis B. Tibbets House,1830,"West Auburn, ME",Orison Wood,mural,Lipman,other,other,44.1572599904836,-70.2832254654955,"<b>Otis B. Tibbets House</b><br>Attributed to Orison Wood by Jean Lipman<br>Circa 1830<br><img src='NA', width = '200'><br><small>Image from NA</small>",NA,NA,"c(44.1572599904836, -70.2832254654955)"
G. Arthur Merrill House,1832,"Georgetown, MA",Porter School,mural,Lipman,school,school,42.7231495385038,-70.9822202544504,"<b>G. Arthur Merrill House</b><br>Attributed to Porter School by Jean Lipman<br>Circa 1832<br><img src='NA', width = '200'><br><small>Image from NA</small>",NA,NA,"c(42.7231495385038, -70.9822202544504)"
Pingree House,1832,"Georgetown, MA",Porter School,mural,Lipman,school,school,42.7215820451333,-71.0037465599403,"<b>Pingree House</b><br>Attributed to Porter School by Jean Lipman<br>Circa 1832<br><img src='NA', width = '200'><br><small>Image from NA</small>",NA,NA,"c(42.7215820451333, -71.0037465599403)"
Pierce House,1832,"Georgetown, MA",Porter School,mural,Lipman,school,school,42.7210554216292,-70.9984511247659,"<b>Pierce House</b><br>Attributed to Porter School by Jean Lipman<br>Circa 1832<br><img src='NA', width = '200'><br><small>Image from NA</small>",NA,NA,"c(42.7210554216292, -70.9984511247659)"
Ethel M. Fredrick House,1832,"Georgetown, MA",Porter School,mural,Lipman,school,school,42.7261937745404,-71.0026337448993,"<b>Ethel M. Fredrick House</b><br>Attributed to Porter School by Jean Lipman<br>Circa 1832<br><img src='NA', width = '200'><br><small>Image from NA</small>",NA,NA,"c(42.7261937745404, -71.0026337448993)"
John C. Wilkins House,1832,"Georgetown, MA",Porter School,mural,Lipman,school,school,42.72180936433,-70.9989865605934,"<b>John C. Wilkins House</b><br>Attributed to Porter School by Jean Lipman<br>Circa 1832<br><img src='NA', width = '200'><br><small>Image from NA</small>",NA,NA,"c(42.72180936433, -70.9989865605934)"
Poor-Perry House,1835,"Andover, MA",Porter School,mural,Lipman,school,school,42.6598110511546,-71.1328598772775,"<b>Poor-Perry House</b><br>Attributed to Porter School by Jean Lipman<br>Circa 1835<br><img src='NA', width = '200'><br><small>Image from NA</small>",NA,NA,"c(42.6598110511546, -71.1328598772775)"
Levi Prosser House,1835,"Charlestown, MA",Porter School,mural,Lipman,school,school,42.3811781990106,-71.0733439195631,"<b>Levi Prosser House</b><br>Attributed to Porter School by Jean Lipman<br>Circa 1835<br><img src='NA', width = '200'><br><small>Image from NA</small>",NA,NA,"c(42.3811781990106, -71.0733439195631)"
Dr. Harold Ayers House,1835,"Groton, MA",Jonathan D. Poor,mural,Lipman,jdp,jdp,42.6107489454243,-71.5743541127923,"<b>Dr. Harold Ayers House</b><br>Attributed to Jonathan D. Poor by Jean Lipman<br>Circa 1835<br><img src='NA', width = '200'><br><small>Image from NA</small>",NA,NA,"c(42.6107489454243, -71.5743541127923)"
Frances Shay Mague House,1835,"North Reading, MA",Porter School,mural,Lipman,school,school,42.5773803708814,-71.0782051647871,"<b>Frances Shay Mague House</b><br>Attributed to Porter School by Jean Lipman<br>Circa 1835<br><img src='NA', width = '200'><br><small>Image from NA</small>",NA,NA,"c(42.5773803708814, -71.0782051647871)"
House near Route 28,1835,"North Reading, MA",Porter School,mural,Lipman,school,school,42.5766502712245,-71.0865689284007,"<b>House near Route 28</b><br>Attributed to Porter School by Jean Lipman<br>Circa 1835<br><img src='NA', width = '200'><br><small>Image from NA</small>",NA,NA,"c(42.5766502712245, -71.0865689284007)"
Winn House,1835,"Wakefield, MA",Porter School,mural,Lipman,school,school,42.5061105406776,-71.0722760370889,"<b>Winn House</b><br>Attributed to Porter School by Jean Lipman<br>Circa 1835<br><img src='NA', width = '200'><br><small>Image from NA</small>",NA,NA,"c(42.5061105406776, -71.0722760370889)"
Franklin Poole House,1835,"Wakefield, MA",Porter School,mural,Lipman,school,school,42.5028422804979,-71.0840640908237,"<b>Franklin Poole House</b><br>Attributed to Porter School by Jean Lipman<br>Circa 1835<br><img src='NA', width = '200'><br><small>Image from NA</small>",NA,NA,"c(42.5028422804979, -71.0840640908237)"
Lilly Eaton House,1835,"Wakefield, MA",Porter School,mural,Lipman,school,school,42.5042402556931,-71.0680990915129,"<b>Lilly Eaton House</b><br>Attributed to Porter School by Jean Lipman<br>Circa 1835<br><img src='NA', width = '200'><br><small>Image from NA</small>",NA,NA,"c(42.5042402556931, -71.0680990915129)"
Thomas Walton House,1835,"Wakefield, MA",Porter School,mural,Lipman,school,school,42.5052539023398,-71.0694038898103,"<b>Thomas Walton House</b><br>Attributed to Porter School by Jean Lipman<br>Circa 1835<br><img src='NA', width = '200'><br><small>Image from NA</small>",NA,NA,"c(42.5052539023398, -71.0694038898103)"
Kenneth Odiorne House,1835,"Wakefield, MA",Porter School,mural,Lipman,school,school,42.5070730033203,-71.085032130915,"<b>Kenneth Odiorne House</b><br>Attributed to Porter School by Jean Lipman<br>Circa 1835<br><img src='NA', width = '200'><br><small>Image from NA</small>",NA,NA,"c(42.5070730033203, -71.085032130915)"
Whitman Homestead,1835,"Bryant Pond, ME",Jonathan D. Poor,mural,Lipman,jdp,jdp,44.405016813951,-70.6094625676853,"<b>Whitman Homestead</b><br>Attributed to Jonathan D. Poor by Jean Lipman<br>Circa 1835<br><img src='NA', width = '200'><br><small>Image from NA</small>",NA,NA,"c(44.405016813951, -70.6094625676853)"
Leon H. Marr House,1835,"West Mt. Vernon, ME",Jonathan D. Poor,mural,Lipman,jdp,jdp,44.4532844332952,-70.0120798564959,"<b>Leon H. Marr House</b><br>Attributed to Jonathan D. Poor by Jean Lipman<br>Circa 1835<br><img src='NA', width = '200'><br><small>Image from NA</small>",NA,NA,"c(44.4532844332952, -70.0120798564959)"
Unidentified House,1830,"Turner, ME",Orison Wood,mural,Lipman,other,other,44.2579711812717,-70.2611233201334,"<b>Unidentified House</b><br>Attributed to Orison Wood by Jean Lipman<br>Circa 1830<br><img src='NA', width = '200'><br><small>Image from NA</small>",NA,NA,"c(44.2579711812717, -70.2611233201334)"
Unidentified House,1835,"West Mt. Vernon, ME",Jonathan D. Poor,mural,Lipman,jdp,jdp,44.4490247648051,-70.0180797450485,"<b>Unidentified House</b><br>Attributed to Jonathan D. Poor by Jean Lipman<br>Circa 1835<br><img src='NA', width = '200'><br><small>Image from NA</small>",NA,NA,"c(44.4490247648051, -70.0180797450485)"
Unidentified House,1833,"Vienna, ME",Jonathan D. Poor,mural,tradition,jdp,jdp,44.5339631223321,-69.9720546867788,"<b>Unidentified House</b><br>Traditionally attributed to Jonathan D. Poor<br>Circa 1833<br><img src='NA', width = '200'><br><small>Image from NA</small>",NA,NA,"c(44.5339631223321, -69.9720546867788)"
Joseph Burgson House,1838,"West Boxford, MA",Porter School,mural,Lipman,school,school,42.704765543366,-71.0567394729356,"<b>Joseph Burgson House</b><br>Attributed to Porter School by Jean Lipman<br>Circa 1838<br><img src='NA', width = '200'><br><small>Image from NA</small>",NA,NA,"c(42.704765543366, -71.0567394729356)"
Hovey House,1838,"West Boxford, MA",Porter School,mural,Lipman,school,school,42.7074992158003,-71.0680357326827,"<b>Hovey House</b><br>Attributed to Porter School by Jean Lipman<br>Circa 1838<br><img src='NA', width = '200'><br><small>Image from NA</small>",NA,NA,"c(42.7074992158003, -71.0680357326827)"
Allen House,1838,"Westwood, MA",Rufus Porter and Stephen Twombly Porter,mural,Lipman,rp_mural,rp,42.2161343414805,-71.2316081669774,"<b>Allen House</b><br>Attributed to Rufus Porter and Stephen Twombly Porter by Jean Lipman<br>Circa 1838<br><img src='NA', width = '200'><br><small>Image from NA</small>",NA,NA,"c(42.2161343414805, -71.2316081669774)"
Beacon Hill Boarding House,1843,"Boston, MA",Porter School,mural,Lipman,school,school,42.356969031158,-71.048590379169,"<b>Beacon Hill Boarding House</b><br>Attributed to Porter School by Jean Lipman<br>Circa 1843<br><img src='NA', width = '200'><br><small>Image from NA</small>",NA,NA,"c(42.356969031158, -71.048590379169)"
Senigo House,1845,"East Weymouth, MA",Porter School,mural,Lipman,school,school,42.2180534448177,-70.9368088082339,"<b>Senigo House</b><br>Attributed to Porter School by Jean Lipman<br>Circa 1845<br><img src='NA', width = '200'><br><small>Image from NA</small>",NA,NA,"c(42.2180534448177, -70.9368088082339)"
Fox House,1851,"Gorham, ME",Granville Fernald,mural,Lipman,other,other,43.6807355851935,-70.4549587799701,"<b>Fox House</b><br>Attributed to Granville Fernald by Jean Lipman<br>Circa 1851<br><img src='NA', width = '200'><br><small>Image from NA</small>",NA,NA,"c(43.6807355851935, -70.4549587799701)"
Pride House,1851,"Westbrook, ME",Granville Fernald,mural,Lipman,other,other,43.674645856185,-70.3676080381079,"<b>Pride House</b><br>Attributed to Granville Fernald by Jean Lipman<br>Circa 1851<br><img src='NA', width = '200'><br><small>Image from NA</small>",NA,NA,"c(43.674645856185, -70.3676080381079)"
Besty Long Ellis,1815,"Middleboro, MA",Rufus Porter,portrait,RPM,portrait,rp,41.8945154513089,-70.920908255265,"<b>Besty Long Ellis</b><br>Attributed to Rufus Porter by the Rufus Porter Museum<br>Circa 1815<br><img src='NA', width = '200'><br><small>Image from NA</small>",NA,NA,"c(41.8945154513089, -70.920908255265)"
Mary Gorham Irish,1819,"Gorham, ME",Rufus Porter,portrait,RPM,portrait,rp,43.678604362744,-70.4383176531393,"<b>Mary Gorham Irish</b><br>Attributed to Rufus Porter by the Rufus Porter Museum<br>Circa 1819<br><img src='NA', width = '200'><br><small>Image from NA</small>",NA,NA,"c(43.678604362744, -70.4383176531393)"
Judith Carter,1820,"Hopkinton, MA",Rufus Porter,portrait,RPM,portrait,rp,42.2307779368626,-71.5355066613954,"<b>Judith Carter</b><br>Attributed to Rufus Porter by the Rufus Porter Museum<br>Circa 1820<br><img src='NA', width = '200'><br><small>Image from NA</small>",NA,NA,"c(42.2307779368626, -71.5355066613954)"
Timothy Carter,1820,"Hopkinton, MA",Rufus Porter,portrait,RPM,portrait,rp,42.2269065286426,-71.5271068287109,"<b>Timothy Carter</b><br>Attributed to Rufus Porter by the Rufus Porter Museum<br>Circa 1820<br><img src='NA', width = '200'><br><small>Image from NA</small>",NA,NA,"c(42.2269065286426, -71.5271068287109)"
Mrs. Cooper,1820,"Cooperstown, NY",Rufus Porter,portrait,RPM,portrait,rp,42.6979368105985,-74.9146971686378,"<b>Mrs. Cooper</b><br>Attributed to Rufus Porter by the Rufus Porter Museum<br>Circa 1820<br><img src='NA', width = '200'><br><small>Image from NA</small>",NA,NA,"c(42.6979368105985, -74.9146971686378)"
Mr. Cooper,1820,"Cooperstown, NY",Rufus Porter,portrait,RPM,portrait,rp,42.6967494929007,-74.9264278688799,"<b>Mr. Cooper</b><br>Attributed to Rufus Porter by the Rufus Porter Museum<br>Circa 1820<br><img src='NA', width = '200'><br><small>Image from NA</small>",NA,NA,"c(42.6967494929007, -74.9264278688799)"
Nathan Peabody Ames,1825,"Chelmsford, MA",Rufus Porter,portrait,RPM,portrait,rp,42.5991674170094,-71.375816058687,"<b>Nathan Peabody Ames</b><br>Attributed to Rufus Porter by the Rufus Porter Museum<br>Circa 1825<br><img src='NA', width = '200'><br><small>Image from NA</small>",NA,NA,"c(42.5991674170094, -71.375816058687)"
Frank Hanson House,1830,"Winthrop, ME",E.V. Bennett,mural,signed,other,other,44.3046438425392,-69.9780308094372,"<b>Frank Hanson House</b><br>Signed by E.V. Bennett<br>Circa 1830<br><img src='NA', width = '200'><br><small>Image from NA</small>",NA,NA,"c(44.3046438425392, -69.9780308094372)"
Knowlton House,1830,"Winthrop, ME",E.J. Gilbert,mural,signed,other,other,44.3081822763768,-69.9812564446031,"<b>Knowlton House</b><br>Signed by E.J. Gilbert<br>Circa 1830<br><img src='NA', width = '200'><br><small>Image from NA</small>",NA,NA,"c(44.3081822763768, -69.9812564446031)"
Professor Diller House,1834,"Chesterville, ME",Jonathan D. Poor,mural,signed,jdp,jdp,44.5477495729251,-70.0975212610881,"<b>Professor Diller House</b><br>Signed by Jonathan D. Poor<br>Circa 1834<br><img src='NA', width = '200'><br><small>Image from NA</small>",NA,NA,"c(44.5477495729251, -70.0975212610881)"
Fuller Dyke House,1834,"Chesterville, ME",Jonathan D. Poor,mural,signed,jdp,jdp,44.5471854106966,-70.0884955139039,"<b>Fuller Dyke House</b><br>Signed by Jonathan D. Poor<br>Circa 1834<br><img src='NA', width = '200'><br><small>Image from NA</small>",NA,NA,"c(44.5471854106966, -70.0884955139039)"
Shaker Glenn Inn,1835,"Woburn, MA",Rufus Porter,mural,signed,rp_mural,rp,42.4754336375394,-71.1405591841937,"<b>Shaker Glenn Inn</b><br>Signed by Rufus Porter<br>Circa 1835<br><img src='NA', width = '200'><br><small>Image from NA</small>",NA,NA,"c(42.4754336375394, -71.1405591841937)"
Unidentified House,1830,"Turner, ME",Orison Wood,mural,Lipman,other,other,44.2551288075828,-70.2523013765557,"<b>Unidentified House</b><br>Attributed to Orison Wood by Jean Lipman<br>Circa 1830<br><img src='NA', width = '200'><br><small>Image from NA</small>",NA,NA,"c(44.2551288075828, -70.2523013765557)"
Unidentified House,1835,"West Mt. Vernon, ME",Jonathan D. Poor,mural,Lipman,jdp,jdp,44.4571607707645,-70.02218175441,"<b>Unidentified House</b><br>Attributed to Jonathan D. Poor by Jean Lipman<br>Circa 1835<br><img src='NA', width = '200'><br><small>Image from NA</small>",NA,NA,"c(44.4571607707645, -70.02218175441)"
Unidentified House,1833,"Vienna, ME",Jonathan D. Poor,mural,tradition,jdp,jdp,44.532902047409,-69.9748832688357,"<b>Unidentified House</b><br>Traditionally attributed to Jonathan D. Poor<br>Circa 1833<br><img src='NA', width = '200'><br><small>Image from NA</small>",NA,NA,"c(44.532902047409, -69.9748832688357)"
Julia Lottie Hills,1835,"Plainville, CT",Rufus Porter,portrait,signed,portrait,rp,41.674454859755,-72.8529991225812,"<b>Julia Lottie Hills</b><br>Signed by Rufus Porter<br>Circa 1835<br><img src='NA', width = '200'><br><small>Image from NA</small>",NA,NA,"c(41.674454859755, -72.8529991225812)"
Thompkins House,1830,"Cornish, ME",Porter School,mural,tradition,school,school,43.8009093819971,-70.8126645217808,"<b>Thompkins House</b><br>Traditionally attributed to Porter School<br>Circa 1830<br><img src='NA', width = '200'><br><small>Image from NA</small>",NA,NA,"c(43.8009093819971, -70.8126645217808)"
Jonathan Cushman House,1830,"Farmington, ME",Jonathan D. Poor and Paine,mural,tradition,jdp,jdp,44.6745174319773,-70.1462426771641,"<b>Jonathan Cushman House</b><br>Traditionally attributed to Jonathan D. Poor and Paine<br>Circa 1830<br><img src='NA', width = '200'><br><small>Image from NA</small>",NA,NA,"c(44.6745174319773, -70.1462426771641)"
William Gilman House,1830,"Farmington, ME",Jonathan D. Poor and Paine,mural,tradition,jdp,jdp,44.6690533568471,-70.144498206321,"<b>William Gilman House</b><br>Traditionally attributed to Jonathan D. Poor and Paine<br>Circa 1830<br><img src='NA', width = '200'><br><small>Image from NA</small>",NA,NA,"c(44.6690533568471, -70.144498206321)"
David Ingham House,1830,"Farmington, ME",Jonathan D. Poor and Paine,mural,tradition,jdp,jdp,44.6708631925216,-70.1542490955305,"<b>David Ingham House</b><br>Traditionally attributed to Jonathan D. Poor and Paine<br>Circa 1830<br><img src='NA', width = '200'><br><small>Image from NA</small>",NA,NA,"c(44.6708631925216, -70.1542490955305)"
Robert C. Bruce House,1840,"New Sharon, ME",Jonathan D. Poor,mural,tradition,jdp,jdp,44.6423827788438,-70.0222728011439,"<b>Robert C. Bruce House</b><br>Traditionally attributed to Jonathan D. Poor<br>Circa 1840<br><img src='NA', width = '200'><br><small>Image from NA</small>",NA,NA,"c(44.6423827788438, -70.0222728011439)"
McDonald Inn,1830,"Limerick, ME",Paine,mural,tradition,other,other,43.6907882307055,-70.7802916612685,"<b>McDonald Inn</b><br>Traditionally attributed to Paine<br>Circa 1830<br><img src='NA', width = '200'><br><small>Image from NA</small>",NA,NA,"c(43.6907882307055, -70.7802916612685)"
Furlong House,1830,"Limerick, ME",Paine,mural,tradition,other,other,43.6885578753278,-70.8045055299565,"<b>Furlong House</b><br>Traditionally attributed to Paine<br>Circa 1830<br><img src='NA', width = '200'><br><small>Image from NA</small>",NA,NA,"c(43.6885578753278, -70.8045055299565)"
Frank Chapman House,1830,"North Parsonfield, ME",Jonathan D. Poor and Paine,mural,tradition,jdp,jdp,43.7571232952599,-70.9263635694247,"<b>Frank Chapman House</b><br>Traditionally attributed to Jonathan D. Poor and Paine<br>Circa 1830<br><img src='NA', width = '200'><br><small>Image from NA</small>",NA,NA,"c(43.7571232952599, -70.9263635694247)"
Helen Cating House,1830,"North Parsonfield, ME",Jonathan D. Poor and Paine,mural,tradition,jdp,jdp,43.7610932035279,-70.9350159778981,"<b>Helen Cating House</b><br>Traditionally attributed to Jonathan D. Poor and Paine<br>Circa 1830<br><img src='NA', width = '200'><br><small>Image from NA</small>",NA,NA,"c(43.7610932035279, -70.9350159778981)"
Dr. William Reid House,1830,"North Parsonfield, ME",Jonathan D. Poor and Paine,mural,tradition,jdp,jdp,43.7543001981869,-70.9194667187703,"<b>Dr. William Reid House</b><br>Traditionally attributed to Jonathan D. Poor and Paine<br>Circa 1830<br><img src='NA', width = '200'><br><small>Image from NA</small>",NA,NA,"c(43.7543001981869, -70.9194667187703)"
Barbara E. Parker House,1830,"Standish, ME",Paine,mural,tradition,other,other,43.7361785532802,-70.5376169934885,"<b>Barbara E. Parker House</b><br>Traditionally attributed to Paine<br>Circa 1830<br><img src='NA', width = '200'><br><small>Image from NA</small>",NA,NA,"c(43.7361785532802, -70.5376169934885)"
Nathaniel Whittier House,1833,"Vienna, ME",Jonathan D. Poor,mural,tradition,jdp,jdp,44.5335994321901,-69.9743197165902,"<b>Nathaniel Whittier House</b><br>Traditionally attributed to Jonathan D. Poor<br>Circa 1833<br><img src='NA', width = '200'><br><small>Image from NA</small>",NA,NA,"c(44.5335994321901, -69.9743197165902)"
Gilman Batchelder House,1833,"Vienna, ME",Jonathan D. Poor,mural,tradition,jdp,jdp,44.5367278693966,-69.9924862776048,"<b>Gilman Batchelder House</b><br>Traditionally attributed to Jonathan D. Poor<br>Circa 1833<br><img src='NA', width = '200'><br><small>Image from NA</small>",NA,NA,"c(44.5367278693966, -69.9924862776048)"
Unidentified House,1830,"Turner, ME",Orison Wood,mural,Lipman,other,other,44.2594418141525,-70.2640855160333,"<b>Unidentified House</b><br>Attributed to Orison Wood by Jean Lipman<br>Circa 1830<br><img src='NA', width = '200'><br><small>Image from NA</small>",NA,NA,"c(44.2594418141525, -70.2640855160333)"
Unidentified House,1835,"West Mt. Vernon, ME",Jonathan D. Poor,mural,Lipman,jdp,jdp,44.4507526112442,-70.0137419225637,"<b>Unidentified House</b><br>Attributed to Jonathan D. Poor by Jean Lipman<br>Circa 1835<br><img src='NA', width = '200'><br><small>Image from NA</small>",NA,NA,"c(44.4507526112442, -70.0137419225637)"
Unidentified House,1833,"Vienna, ME",Jonathan D. Poor,mural,tradition,jdp,jdp,44.5343560171413,-69.971244494041,"<b>Unidentified House</b><br>Traditionally attributed to Jonathan D. Poor<br>Circa 1833<br><img src='NA', width = '200'><br><small>Image from NA</small>",NA,NA,"c(44.5343560171413, -69.971244494041)"
Captain Thomas Williams House,1834,"Chesterville, ME",Jonathan D. Poor,mural,tradition,jdp,jdp,44.5508698699807,-70.0855199958982,"<b>Captain Thomas Williams House</b><br>Traditionally attributed to Jonathan D. Poor<br>Circa 1834<br><img src='NA', width = '200'><br><small>Image from NA</small>",NA,NA,"c(44.5508698699807, -70.0855199958982)"
Lyman Whittier House,1834,"Chesterville, ME",Jonathan D. Poor,mural,tradition,jdp,jdp,44.551325208148,-70.0978663828308,"<b>Lyman Whittier House</b><br>Traditionally attributed to Jonathan D. Poor<br>Circa 1834<br><img src='NA', width = '200'><br><small>Image from NA</small>",NA,NA,"c(44.551325208148, -70.0978663828308)"
Thomas Austin House,1834,"Chesterville, ME",Jonathan D. Poor,mural,tradition,jdp,jdp,44.5494398482493,-70.0757738190165,"<b>Thomas Austin House</b><br>Traditionally attributed to Jonathan D. Poor<br>Circa 1834<br><img src='NA', width = '200'><br><small>Image from NA</small>",NA,NA,"c(44.5494398482493, -70.0757738190165)"
Milton Gay House,1835,"Farmington, ME",Jonathan D. Poor and Paine,mural,tradition,jdp,jdp,44.6699713216373,-70.1413809441105,"<b>Milton Gay House</b><br>Traditionally attributed to Jonathan D. Poor and Paine<br>Circa 1835<br><img src='NA', width = '200'><br><small>Image from NA</small>",NA,NA,"c(44.6699713216373, -70.1413809441105)"
Gerald York House,1835,"Farmington, ME",Jonathan D. Poor,mural,tradition,jdp,jdp,44.6692442717272,-70.1491280362908,"<b>Gerald York House</b><br>Traditionally attributed to Jonathan D. Poor<br>Circa 1835<br><img src='NA', width = '200'><br><small>Image from NA</small>",NA,NA,"c(44.6692442717272, -70.1491280362908)"
David E. Currier House,1835,"Farmington, ME",Jonathan D. Poor,mural,tradition,jdp,jdp,44.672221964474,-70.1423845036318,"<b>David E. Currier House</b><br>Traditionally attributed to Jonathan D. Poor<br>Circa 1835<br><img src='NA', width = '200'><br><small>Image from NA</small>",NA,NA,"c(44.672221964474, -70.1423845036318)"
Arthur Gordon House,1835,"Mt. Vernon, ME",Jonathan D. Poor,mural,tradition,jdp,jdp,44.4986125836128,-69.9889349999142,"<b>Arthur Gordon House</b><br>Traditionally attributed to Jonathan D. Poor<br>Circa 1835<br><img src='NA', width = '200'><br><small>Image from NA</small>",NA,NA,"c(44.4986125836128, -69.9889349999142)"
Robert C. Bruce House,1830,"Farmington, ME",Jonathan D. Poor and Paine,mural,tradition,jdp,jdp,44.6735540149836,-70.1611429330549,"<b>Robert C. Bruce House</b><br>Traditionally attributed to Jonathan D. Poor and Paine<br>Circa 1830<br><img src='NA', width = '200'><br><small>Image from NA</small>",NA,NA,"c(44.6735540149836, -70.1611429330549)"
Robert C. Bruce House,1840,"New Sharon, ME",Jonathan D. Poor,mural,tradition,jdp,jdp,44.635630221373,-70.0091359403972,"<b>Robert C. Bruce House</b><br>Traditionally attributed to Jonathan D. Poor<br>Circa 1840<br><img src='NA', width = '200'><br><small>Image from NA</small>",NA,NA,"c(44.635630221373, -70.0091359403972)"
