subject,town,state,year,creator,type,attribution,image,img_src,location,popup,icon,choice,lat,lng,geometry
Child of the Lane Family,Portland,ME,1815,Rufus Porter,portrait,Bowdoin,NA,NA,"Portland, ME","<b>Child of the Lane Family</b><br>Attributed to Rufus Porter by Bowdoin College Museum of Art<br>Circa 1815<br><img src='NA', width = '200'><br><small>Image from NA</small>",portrait,RP,43.6631850995032,-70.2661331166382,"c(43.6631850995032, -70.2661331166382)"
Thomas Long,Portland,ME,1815,Rufus Porter,portrait,Bowdoin,NA,NA,"Portland, ME","<b>Thomas Long</b><br>Attributed to Rufus Porter by Bowdoin College Museum of Art<br>Circa 1815<br><img src='NA', width = '200'><br><small>Image from NA</small>",portrait,RP,43.6611105035833,-70.2563910223965,"c(43.6611105035833, -70.2563910223965)"
Mercy Davies,Acton,MA,1818,Rufus Porter,portrait,Bowdoin,NA,NA,"Acton, MA","<b>Mercy Davies</b><br>Attributed to Rufus Porter by Bowdoin College Museum of Art<br>Circa 1818<br><img src='NA', width = '200'><br><small>Image from NA</small>",portrait,RP,42.4863201454881,-71.4331166789139,"c(42.4863201454881, -71.4331166789139)"
Sarah Warland Porter,Cambridge,MA,1819,Rufus Porter,portrait,Bowdoin,NA,NA,"Cambridge, MA","<b>Sarah Warland Porter</b><br>Attributed to Rufus Porter by Bowdoin College Museum of Art<br>Circa 1819<br><img src='NA', width = '200'><br><small>Image from NA</small>",portrait,RP,42.3733320299848,-71.1143322670268,"c(42.3733320299848, -71.1143322670268)"
Israel Porter,Cambridge,MA,1819,Rufus Porter,portrait,Bowdoin,NA,NA,"Cambridge, MA","<b>Israel Porter</b><br>Attributed to Rufus Porter by Bowdoin College Museum of Art<br>Circa 1819<br><img src='NA', width = '200'><br><small>Image from NA</small>",portrait,RP,42.3728460231462,-71.1220465879056,"c(42.3728460231462, -71.1220465879056)"
Lot Robbins,Lexington,MA,1820,Rufus Porter,portrait,Bowdoin,NA,NA,"Lexington, MA","<b>Lot Robbins</b><br>Attributed to Rufus Porter by Bowdoin College Museum of Art<br>Circa 1820<br><img src='NA', width = '200'><br><small>Image from NA</small>",portrait,RP,42.4446456336439,-71.2154048162981,"c(42.4446456336439, -71.2154048162981)"
Eliza Greenleaf Plummer,Haverhill,MA,1821,Rufus Porter,portrait,Bowdoin,NA,NA,"Haverhill, MA","<b>Eliza Greenleaf Plummer</b><br>Attributed to Rufus Porter by Bowdoin College Museum of Art<br>Circa 1821<br><img src='NA', width = '200'><br><small>Image from NA</small>",portrait,RP,42.7720042688141,-71.0648981868073,"c(42.7720042688141, -71.0648981868073)"
Volunteer Infantry or Light Infantry Company Member,Boston,MA,1825,Rufus Porter,portrait,Bowdoin,NA,NA,"Boston, MA","<b>Volunteer Infantry or Light Infantry Company Member</b><br>Attributed to Rufus Porter by Bowdoin College Museum of Art<br>Circa 1825<br><img src='NA', width = '200'><br><small>Image from NA</small>",portrait,RP,42.3576834837858,-71.0459568923437,"c(42.3576834837858, -71.0459568923437)"
Jonathan Smith and Pamelia Moors,Chelmsford,MA,1825,Rufus Porter,portrait,Bowdoin,https://www.themagazineantiques.com/wp-content/uploads/2020/01/3-MrNMrsSmith_r-porter.jpg,"""Revisiting Rufus Porter"" by  Suzanne Rudnick Payne AND Michael R. Payne","Chelmsford, MA","<b>Jonathan Smith and Pamelia Moors</b><br>Attributed to Rufus Porter by Bowdoin College Museum of Art<br>Circa 1825<br><img src='https://www.themagazineantiques.com/wp-content/uploads/2020/01/3-MrNMrsSmith_r-porter.jpg', width = '200'><br><small>Image from ""Revisiting Rufus Porter"" by  Suzanne Rudnick Payne AND Michael R. Payne</small>",portrait,RP,42.6035522532629,-71.3577995603806,"c(42.6035522532629, -71.3577995603806)"
Hannah Trow Flagg,Andover,MA,1830,Rufus Porter,portrait,Bowdoin,https://www.themagazineantiques.com/wp-content/uploads/2020/01/4a-HannahFlaggInFrame.jpg,"""Revisiting Rufus Porter"" by  Suzanne Rudnick Payne AND Michael R. Payne","Andover, MA","<b>Hannah Trow Flagg</b><br>Attributed to Rufus Porter by Bowdoin College Museum of Art<br>Circa 1830<br><img src='https://www.themagazineantiques.com/wp-content/uploads/2020/01/4a-HannahFlaggInFrame.jpg', width = '200'><br><small>Image from ""Revisiting Rufus Porter"" by  Suzanne Rudnick Payne AND Michael R. Payne</small>",portrait,RP,42.6548660190842,-71.1334432552438,"c(42.6548660190842, -71.1334432552438)"
Timothy Flagg,Andover,MA,1830,Rufus Porter,portrait,Bowdoin,https://www.themagazineantiques.com/wp-content/uploads/2020/01/4b-TimothyFlagg_porter-copy-2.jpg,"""Revisiting Rufus Porter"" by  Suzanne Rudnick Payne AND Michael R. Payne","Andover, MA","<b>Timothy Flagg</b><br>Attributed to Rufus Porter by Bowdoin College Museum of Art<br>Circa 1830<br><img src='https://www.themagazineantiques.com/wp-content/uploads/2020/01/4b-TimothyFlagg_porter-copy-2.jpg', width = '200'><br><small>Image from ""Revisiting Rufus Porter"" by  Suzanne Rudnick Payne AND Michael R. Payne</small>",portrait,RP,42.6583635769782,-71.1257814844267,"c(42.6583635769782, -71.1257814844267)"
Martha Swan Flagg,Andover,MA,1830,Rufus Porter,portrait,Bowdoin,NA,NA,"Andover, MA","<b>Martha Swan Flagg</b><br>Attributed to Rufus Porter by Bowdoin College Museum of Art<br>Circa 1830<br><img src='NA', width = '200'><br><small>Image from NA</small>",portrait,RP,42.6551241409183,-71.1444116396624,"c(42.6551241409183, -71.1444116396624)"
John Flagg,Andover,MA,1830,Rufus Porter,portrait,Bowdoin,NA,NA,"Andover, MA","<b>John Flagg</b><br>Attributed to Rufus Porter by Bowdoin College Museum of Art<br>Circa 1830<br><img src='NA', width = '200'><br><small>Image from NA</small>",portrait,RP,42.6546407139883,-71.1444621306299,"c(42.6546407139883, -71.1444621306299)"
"Reuben Bacon, Jr.",Bedford,MA,1830,Rufus Porter,portrait,Bowdoin,NA,NA,"Bedford, MA","<b>Reuben Bacon, Jr.</b><br>Attributed to Rufus Porter by Bowdoin College Museum of Art<br>Circa 1830<br><img src='NA', width = '200'><br><small>Image from NA</small>",portrait,RP,42.4905002715903,-71.2675537835152,"c(42.4905002715903, -71.2675537835152)"
Jane Noyes Gage,Lawrence,MA,1838,Rufus Porter,portrait,Bowdoin,NA,NA,"Lawrence, MA","<b>Jane Noyes Gage</b><br>Attributed to Rufus Porter by Bowdoin College Museum of Art<br>Circa 1838<br><img src='NA', width = '200'><br><small>Image from NA</small>",portrait,RP,42.7069770879606,-71.1665912766614,"c(42.7069770879606, -71.1665912766614)"
Joseph Nichols Gage,Lawrence,MA,1838,Rufus Porter,portrait,Bowdoin,NA,NA,"Lawrence, MA","<b>Joseph Nichols Gage</b><br>Attributed to Rufus Porter by Bowdoin College Museum of Art<br>Circa 1838<br><img src='NA', width = '200'><br><small>Image from NA</small>",portrait,RP,42.7039025868571,-71.1662551003872,"c(42.7039025868571, -71.1662551003872)"
Fruitlands Museums,Harvard,MA,1830,Porter School,mural,Fruitlands Museums,NA,NA,"Harvard, MA","<b>Fruitlands Museums</b><br>Attributed to  Porter School<br>Circa 1830<br><img src='NA', width = '200'><br><small>Image from NA</small>",school,school,42.5021308684226,-71.5890434634469,"c(42.5021308684226, -71.5890434634469)"
Coburn Tavern,East Peperell,MA,1824,Porter School,mural,Lipman,NA,NA,"East Peperell, MA","<b>Coburn Tavern</b><br>Attributed to Porter School by Jean Lipman<br>Circa 1824<br><img src='NA', width = '200'><br><small>Image from NA</small>",school,school,42.6631153652002,-71.5772967327913,"c(42.6631153652002, -71.5772967327913)"
Ellerton Jette House,Sebec,ME,1824,"Rufus Porter and Moses Eaton, Jr.",mural,Lipman,NA,NA,"Sebec, ME","<b>Ellerton Jette House</b><br>Attributed to Rufus Porter and Moses Eaton, Jr. by Jean Lipman<br>Circa 1824<br><img src='NA', width = '200'><br><small>Image from NA</small>",rp_mural,RP,45.275517991778,-69.1209219536107,"c(45.275517991778, -69.1209219536107)"
Prescott Tavern,East Jaffrey,NH,1824,Porter School,mural,Lipman,https://upload.wikimedia.org/wikipedia/commons/c/cc/Rufus_Porter_-_Boston_Harbor_-_2007.385_-_Museum_of_Fine_Arts.jpg,Wikimedia Commons,"East Jaffrey, NH","<b>Prescott Tavern</b><br>Attributed to Porter School by Jean Lipman<br>Circa 1824<br><img src='https://upload.wikimedia.org/wikipedia/commons/c/cc/Rufus_Porter_-_Boston_Harbor_-_2007.385_-_Museum_of_Fine_Arts.jpg', width = '200'><br><small>Image from Wikimedia Commons</small>",school,school,42.8145666500445,-72.0126261798433,"c(42.8145666500445, -72.0126261798433)"
Don Pierce House,East Jaffrey,NH,1824,Porter School,mural,Lipman,NA,NA,"East Jaffrey, NH","<b>Don Pierce House</b><br>Attributed to Porter School by Jean Lipman<br>Circa 1824<br><img src='NA', width = '200'><br><small>Image from NA</small>",school,school,42.8107713701868,-72.0307592278041,"c(42.8107713701868, -72.0307592278041)"
Miss Mary and Dr. Fredrika Moore House,Hancock,NH,1824,Porter School,mural,Lipman,NA,NA,"Hancock, NH","<b>Miss Mary and Dr. Fredrika Moore House</b><br>Attributed to Porter School by Jean Lipman<br>Circa 1824<br><img src='NA', width = '200'><br><small>Image from NA</small>",school,school,42.9727147232909,-71.9674366678004,"c(42.9727147232909, -71.9674366678004)"
Bidwell Tavern,Langdon,NH,1824,Porter School,mural,Lipman,NA,NA,"Langdon, NH","<b>Bidwell Tavern</b><br>Attributed to Porter School by Jean Lipman<br>Circa 1824<br><img src='NA', width = '200'><br><small>Image from NA</small>",school,school,43.1670288884171,-72.387310725484,"c(43.1670288884171, -72.387310725484)"
Beale House,Orford,NH,1824,Porter School,mural,Lipman,NA,NA,"Orford, NH","<b>Beale House</b><br>Attributed to Porter School by Jean Lipman<br>Circa 1824<br><img src='NA', width = '200'><br><small>Image from NA</small>",school,school,43.9002708208979,-72.140927807099,"c(43.9002708208979, -72.140927807099)"
Neighborhood House,Dover,NH,1825,Porter School,mural,Lipman,NA,NA,"Dover, NH","<b>Neighborhood House</b><br>Attributed to Porter School by Jean Lipman<br>Circa 1825<br><img src='NA', width = '200'><br><small>Image from NA</small>",school,school,43.1943805736741,-70.8690856289653,"c(43.1943805736741, -70.8690856289653)"
Squire Craigin House,Greenfield,NH,1825,Porter School,mural,Lipman,https://docs.google.com/drawings/d/e/2PACX-1vTk2X5Jljk7etSCCl2IBCqgooaRojN6zSSLod43sJxlkF7Of2F3U7GIqsLLvNrDSfBT-QBcvF6ec4QN/pub?w=960&h=720,<em>Folk Art Murals of the Rufus Porter School </em> by Linda Carter Lefko and Jane E. Radcliffe,"Greenfield, NH","<b>Squire Craigin House</b><br>Attributed to Porter School by Jean Lipman<br>Circa 1825<br><img src='https://docs.google.com/drawings/d/e/2PACX-1vTk2X5Jljk7etSCCl2IBCqgooaRojN6zSSLod43sJxlkF7Of2F3U7GIqsLLvNrDSfBT-QBcvF6ec4QN/pub?w=960&h=720', width = '200'><br><small>Image from <em>Folk Art Murals of the Rufus Porter School </em> by Linda Carter Lefko and Jane E. Radcliffe</small>",school,school,42.9481898130528,-71.8706698746531,"c(42.9481898130528, -71.8706698746531)"
James T. Garvin House,Greenfield,NH,1825,Porter School,mural,Lipman,NA,NA,"Greenfield, NH","<b>James T. Garvin House</b><br>Attributed to Porter School by Jean Lipman<br>Circa 1825<br><img src='NA', width = '200'><br><small>Image from NA</small>",school,school,42.9517648506941,-71.8807417991667,"c(42.9517648506941, -71.8807417991667)"
Eliot Hutchinson House,Greenfield,NH,1825,Porter School,mural,Lipman,NA,NA,"Greenfield, NH","<b>Eliot Hutchinson House</b><br>Attributed to Porter School by Jean Lipman<br>Circa 1825<br><img src='NA', width = '200'><br><small>Image from NA</small>",school,school,42.9529047857371,-71.8809945792366,"c(42.9529047857371, -71.8809945792366)"
Patricia Holsaert House,Hancock,NH,1825,Porter School,mural,Lipman,https://docs.google.com/drawings/d/e/2PACX-1vS8cFtj8Kbeo2EF2UY0tFhCkkQu_hxOHd1CtSp5AbZ6Z_-tqn3yRzvQAFZSjcPyr4pHOGTCbozxwT59/pub?w=960&h=720,<em>Rufus Porter: Rediscovered</em> by Jean Lipman,"Hancock, NH","<b>Patricia Holsaert House</b><br>Attributed to Porter School by Jean Lipman<br>Circa 1825<br><img src='https://docs.google.com/drawings/d/e/2PACX-1vS8cFtj8Kbeo2EF2UY0tFhCkkQu_hxOHd1CtSp5AbZ6Z_-tqn3yRzvQAFZSjcPyr4pHOGTCbozxwT59/pub?w=960&h=720', width = '200'><br><small>Image from <em>Rufus Porter: Rediscovered</em> by Jean Lipman</small>",school,school,42.9725420743229,-71.9822600115022,"c(42.9725420743229, -71.9822600115022)"
Cynthia Porter Weston House,Hancock,NH,1825,Porter School,mural,Lipman,NA,NA,"Hancock, NH","<b>Cynthia Porter Weston House</b><br>Attributed to Porter School by Jean Lipman<br>Circa 1825<br><img src='NA', width = '200'><br><small>Image from NA</small>",school,school,42.9721787267787,-71.9786724739884,"c(42.9721787267787, -71.9786724739884)"
John Hancock Inn,Hancock,NH,1825,Porter School,mural,Lipman,https://www.ledgertranscript.com/getattachment/8fdc6a21-ab1a-404d-bd3c-dab1eb234b96/rerufus-ml-011620-ph1,"""Muralist Rufus Porter left his mark on many homes and inns in the Monadnock Region"" by Abbe Hamiltoon","Hancock, NH","<b>John Hancock Inn</b><br>Attributed to Porter School by Jean Lipman<br>Circa 1825<br><img src='https://www.ledgertranscript.com/getattachment/8fdc6a21-ab1a-404d-bd3c-dab1eb234b96/rerufus-ml-011620-ph1', width = '200'><br><small>Image from ""Muralist Rufus Porter left his mark on many homes and inns in the Monadnock Region"" by Abbe Hamiltoon</small>",school,school,42.9731013252439,-71.977089333738,"c(42.9731013252439, -71.977089333738)"
Grace D. Wilson-Lavery House,Haverhill,NH,1825,Porter School,mural,Lipman,NA,NA,"Haverhill, NH","<b>Grace D. Wilson-Lavery House</b><br>Attributed to Porter School by Jean Lipman<br>Circa 1825<br><img src='NA', width = '200'><br><small>Image from NA</small>",school,school,44.0354654177585,-72.0729915339887,"c(44.0354654177585, -72.0729915339887)"
Frederick Wagner House,Lyme,NH,1825,Porter School,mural,Lipman,NA,NA,"Lyme, NH","<b>Frederick Wagner House</b><br>Attributed to Porter School by Jean Lipman<br>Circa 1825<br><img src='NA', width = '200'><br><small>Image from NA</small>",school,school,43.8106973849122,-72.1459565963226,"c(43.8106973849122, -72.1459565963226)"
Dennis House,Lyme,NH,1825,Porter School,mural,Lipman,NA,NA,"Lyme, NH","<b>Dennis House</b><br>Attributed to Porter School by Jean Lipman<br>Circa 1825<br><img src='NA', width = '200'><br><small>Image from NA</small>",school,school,43.8110839361029,-72.1442350362153,"c(43.8110839361029, -72.1442350362153)"
Perkins-Simmons House,Lyme,NH,1825,Porter School,mural,Lipman,NA,NA,"Lyme, NH","<b>Perkins-Simmons House</b><br>Attributed to Porter School by Jean Lipman<br>Circa 1825<br><img src='NA', width = '200'><br><small>Image from NA</small>",school,school,43.8095015216328,-72.1581060678361,"c(43.8095015216328, -72.1581060678361)"
Kent-Mativia House,Lyme,NH,1825,Porter School,mural,Lipman,https://upload.wikimedia.org/wikipedia/commons/5/5a/Rufus_Porter_mural_-_Kent_House%2C_Lyme%2C_New_Hampshire.jpg,Wikimedia Commons,"Lyme, NH","<b>Kent-Mativia House</b><br>Attributed to Porter School by Jean Lipman<br>Circa 1825<br><img src='https://upload.wikimedia.org/wikipedia/commons/5/5a/Rufus_Porter_mural_-_Kent_House%2C_Lyme%2C_New_Hampshire.jpg', width = '200'><br><small>Image from Wikimedia Commons</small>",school,school,43.8120283283029,-72.1423856853636,"c(43.8120283283029, -72.1423856853636)"
Asher Tarbell House,Mason,NH,1825,Porter School,mural,Lipman,NA,NA,"Mason, NH","<b>Asher Tarbell House</b><br>Attributed to Porter School by Jean Lipman<br>Circa 1825<br><img src='NA', width = '200'><br><small>Image from NA</small>",school,school,42.7394669366684,-71.7666374657553,"c(42.7394669366684, -71.7666374657553)"
Jonathan Batchelder House,Mason,NH,1825,Porter School,mural,Lipman,NA,NA,"Mason, NH","<b>Jonathan Batchelder House</b><br>Attributed to Porter School by Jean Lipman<br>Circa 1825<br><img src='NA', width = '200'><br><small>Image from NA</small>",school,school,42.7470537490447,-71.7702371018526,"c(42.7470537490447, -71.7702371018526)"
Joseph Saunders House,Mason,NH,1825,Porter School,mural,Lipman,NA,NA,"Mason, NH","<b>Joseph Saunders House</b><br>Attributed to Porter School by Jean Lipman<br>Circa 1825<br><img src='NA', width = '200'><br><small>Image from NA</small>",school,school,42.7450323849829,-71.7672443331514,"c(42.7450323849829, -71.7672443331514)"
Solomon Russell House,New Ipswich,NH,1825,Porter School,mural,Lipman,NA,NA,"New Ipswich, NH","<b>Solomon Russell House</b><br>Attributed to Porter School by Jean Lipman<br>Circa 1825<br><img src='NA', width = '200'><br><small>Image from NA</small>",school,school,42.7366186004531,-71.8880171013719,"c(42.7366186004531, -71.8880171013719)"
Gardner Davis House,New Ipswich,NH,1825,Porter School,mural,Lipman,NA,NA,"New Ipswich, NH","<b>Gardner Davis House</b><br>Attributed to Porter School by Jean Lipman<br>Circa 1825<br><img src='NA', width = '200'><br><small>Image from NA</small>",school,school,42.7402239128657,-71.8789570838215,"c(42.7402239128657, -71.8789570838215)"
Gould-Chickering House,New Ipswich,NH,1825,Porter School,mural,Lipman,NA,NA,"New Ipswich, NH","<b>Gould-Chickering House</b><br>Attributed to Porter School by Jean Lipman<br>Circa 1825<br><img src='NA', width = '200'><br><small>Image from NA</small>",school,school,42.7332846163258,-71.8940512116315,"c(42.7332846163258, -71.8940512116315)"
Daniel Carr House,North Haverhill,NH,1825,Porter School,mural,Lipman,https://docs.google.com/drawings/d/e/2PACX-1vQMz93gzU8H-0a56RNXAaYX7unjCKHDK39C8f7fgeYav6u6n561LpboDhzFonf4C8aJxMlqvGNbfZfV/pub?w=960&h=720,<em>Rufus Porter: Rediscovered</em> by Jean Lipman,"North Haverhill, NH","<b>Daniel Carr House</b><br>Attributed to Porter School by Jean Lipman<br>Circa 1825<br><img src='https://docs.google.com/drawings/d/e/2PACX-1vQMz93gzU8H-0a56RNXAaYX7unjCKHDK39C8f7fgeYav6u6n561LpboDhzFonf4C8aJxMlqvGNbfZfV/pub?w=960&h=720', width = '200'><br><small>Image from <em>Rufus Porter: Rediscovered</em> by Jean Lipman</small>",school,school,44.0878424813763,-72.0240866622278,"c(44.0878424813763, -72.0240866622278)"
Harold Kimball House,North Haverhill,NH,1825,Porter School,mural,Lipman,NA,NA,"North Haverhill, NH","<b>Harold Kimball House</b><br>Attributed to Porter School by Jean Lipman<br>Circa 1825<br><img src='NA', width = '200'><br><small>Image from NA</small>",school,school,44.0823490275664,-72.0252611840584,"c(44.0823490275664, -72.0252611840584)"
Leslie Lackie House,North Haverhill,NH,1825,Porter School,mural,Lipman,NA,NA,"North Haverhill, NH","<b>Leslie Lackie House</b><br>Attributed to Porter School by Jean Lipman<br>Circa 1825<br><img src='NA', width = '200'><br><small>Image from NA</small>",school,school,44.0853587764025,-72.0241175027977,"c(44.0853587764025, -72.0241175027977)"
Deacon John Bailey House,Portland,ME,1827,Porter School,mural,Lipman,https://docs.google.com/drawings/d/e/2PACX-1vTFJerZe8krrDh6HMnfQ-g2RhxnGNnYOIJPDdY0lj-LdI_YzOSLYPwGkLJATgZdo0GN2KRB-kDhzYdk/pub?w=960&h=720,<em>Folk Art Murals of the Rufus Porter School </em> by Linda Carter Lefko and Jane E. Radcliffe,"Portland, ME","<b>Deacon John Bailey House</b><br>Attributed to Porter School by Jean Lipman<br>Circa 1827<br><img src='https://docs.google.com/drawings/d/e/2PACX-1vTFJerZe8krrDh6HMnfQ-g2RhxnGNnYOIJPDdY0lj-LdI_YzOSLYPwGkLJATgZdo0GN2KRB-kDhzYdk/pub?w=960&h=720', width = '200'><br><small>Image from <em>Folk Art Murals of the Rufus Porter School </em> by Linda Carter Lefko and Jane E. Radcliffe</small>",school,school,43.6600364484155,-70.2581856895102,"c(43.6600364484155, -70.2581856895102)"
Ellis Place,Portland,ME,1827,Porter School,mural,Lipman,NA,NA,"Portland, ME","<b>Ellis Place</b><br>Attributed to Porter School by Jean Lipman<br>Circa 1827<br><img src='NA', width = '200'><br><small>Image from NA</small>",school,school,43.655285698329,-70.268262186691,"c(43.655285698329, -70.268262186691)"
Bartlett House,Amesbury,MA,1830,Porter School,mural,Lipman,NA,NA,"Amesbury, MA","<b>Bartlett House</b><br>Attributed to Porter School by Jean Lipman<br>Circa 1830<br><img src='NA', width = '200'><br><small>Image from NA</small>",school,school,42.8566260328621,-70.9350558336369,"c(42.8566260328621, -70.9350558336369)"
Penniman-Stearns House,Bedford,MA,1830,Porter School,mural,Lipman,NA,NA,"Bedford, MA","<b>Penniman-Stearns House</b><br>Attributed to Porter School by Jean Lipman<br>Circa 1830<br><img src='NA', width = '200'><br><small>Image from NA</small>",school,school,42.4882048125975,-71.2816348458481,"c(42.4882048125975, -71.2816348458481)"
Jonas Monroe House,Bedford,MA,1830,Porter School,mural,Lipman,NA,NA,"Bedford, MA","<b>Jonas Monroe House</b><br>Attributed to Porter School by Jean Lipman<br>Circa 1830<br><img src='NA', width = '200'><br><small>Image from NA</small>",school,school,42.4873990969237,-71.2851250190276,"c(42.4873990969237, -71.2851250190276)"
Dutton House,Bedford,MA,1830,Porter School,mural,Lipman,NA,NA,"Bedford, MA","<b>Dutton House</b><br>Attributed to Porter School by Jean Lipman<br>Circa 1830<br><img src='NA', width = '200'><br><small>Image from NA</small>",school,school,42.4868400107588,-71.2811219797477,"c(42.4868400107588, -71.2811219797477)"
Carroll Dunham House,Bedford,MA,1830,Porter School,mural,Lipman,NA,NA,"Bedford, MA","<b>Carroll Dunham House</b><br>Attributed to Porter School by Jean Lipman<br>Circa 1830<br><img src='NA', width = '200'><br><small>Image from NA</small>",school,school,42.4882992990534,-71.2740114594948,"c(42.4882992990534, -71.2740114594948)"
Job Lane House,Bedford,MA,1830,Porter School,mural,Lipman,https://joblanefarmmuseum.org/wp-content/uploads/2021/10/DSCN1317-768x576.jpg,Job Lane Farm Museum,"Bedford, MA","<b>Job Lane House</b><br>Attributed to Porter School by Jean Lipman<br>Circa 1830<br><img src='https://joblanefarmmuseum.org/wp-content/uploads/2021/10/DSCN1317-768x576.jpg', width = '200'><br><small>Image from Job Lane Farm Museum</small>",school,school,42.4929310265878,-71.2848484959517,"c(42.4929310265878, -71.2848484959517)"
Donald Schult House,Billerica,MA,1830,Porter School,mural,Lipman,NA,NA,"Billerica, MA","<b>Donald Schult House</b><br>Attributed to Porter School by Jean Lipman<br>Circa 1830<br><img src='NA', width = '200'><br><small>Image from NA</small>",school,school,42.5598376551501,-71.26279166652,"c(42.5598376551501, -71.26279166652)"
Lyons House,Billerica,MA,1830,Porter School,mural,Lipman,NA,NA,"Billerica, MA","<b>Lyons House</b><br>Attributed to Porter School by Jean Lipman<br>Circa 1830<br><img src='NA', width = '200'><br><small>Image from NA</small>",school,school,42.5578000893049,-71.2659315853303,"c(42.5578000893049, -71.2659315853303)"
Dyer House,Billerica,MA,1830,Porter School,mural,Lipman,NA,NA,"Billerica, MA","<b>Dyer House</b><br>Attributed to Porter School by Jean Lipman<br>Circa 1830<br><img src='NA', width = '200'><br><small>Image from NA</small>",school,school,42.5599506306535,-71.2663618635583,"c(42.5599506306535, -71.2663618635583)"
Manning Manse,Billerica,MA,1830,Porter School,mural,Lipman,NA,NA,"Billerica, MA","<b>Manning Manse</b><br>Attributed to Porter School by Jean Lipman<br>Circa 1830<br><img src='NA', width = '200'><br><small>Image from NA</small>",school,school,42.5589488343033,-71.2645250853246,"c(42.5589488343033, -71.2645250853246)"
Ingalls-Colby House,East Haverhill,MA,1830,Porter School,mural,Lipman,http://s3.amazonaws.com/afanews_articles/01019/FIG-3_-%281.7-pg.png,"""Rediscovering the Murals of Jonathan D. Poor"" by Jane E. Radcliffe","East Haverhill, MA","<b>Ingalls-Colby House</b><br>Attributed to Porter School by Jean Lipman<br>Circa 1830<br><img src='http://s3.amazonaws.com/afanews_articles/01019/FIG-3_-%281.7-pg.png', width = '200'><br><small>Image from ""Rediscovering the Murals of Jonathan D. Poor"" by Jane E. Radcliffe</small>",school,school,42.7475154006099,-71.0927762497505,"c(42.7475154006099, -71.0927762497505)"
Harold Stacey House,Groveland,MA,1830,Porter School,mural,Lipman,NA,NA,"Groveland, MA","<b>Harold Stacey House</b><br>Attributed to Porter School by Jean Lipman<br>Circa 1830<br><img src='NA', width = '200'><br><small>Image from NA</small>",school,school,42.7589449167938,-71.0335375484846,"c(42.7589449167938, -71.0335375484846)"
Savery Homestead,Groveland,MA,1830,Porter School,mural,Lipman,https://docs.google.com/drawings/d/e/2PACX-1vSENp1y4L9MtaUwLpdL2QRYbTb-0utJuJjlIX1OeY0YiTfabCTN0YkeaMpEsSjgITMsEeGzyiJWhndy/pub?w=960&h=720,<em>Folk Art Murals of the Rufus Porter School </em> by Linda Carter Lefko and Jane E. Radcliffe,"Groveland, MA","<b>Savery Homestead</b><br>Attributed to Porter School by Jean Lipman<br>Circa 1830<br><img src='https://docs.google.com/drawings/d/e/2PACX-1vSENp1y4L9MtaUwLpdL2QRYbTb-0utJuJjlIX1OeY0YiTfabCTN0YkeaMpEsSjgITMsEeGzyiJWhndy/pub?w=960&h=720', width = '200'><br><small>Image from <em>Folk Art Murals of the Rufus Porter School </em> by Linda Carter Lefko and Jane E. Radcliffe</small>",school,school,42.7634324074045,-71.0395084604028,"c(42.7634324074045, -71.0395084604028)"
Spofford House,Groveland,MA,1830,Porter School,mural,Lipman,NA,NA,"Groveland, MA","<b>Spofford House</b><br>Attributed to Porter School by Jean Lipman<br>Circa 1830<br><img src='NA', width = '200'><br><small>Image from NA</small>",school,school,42.7588121675611,-71.0189147035332,"c(42.7588121675611, -71.0189147035332)"
Edna Worthing Cottage,Groveland,MA,1830,Porter School,mural,Lipman,NA,NA,"Groveland, MA","<b>Edna Worthing Cottage</b><br>Attributed to Porter School by Jean Lipman<br>Circa 1830<br><img src='NA', width = '200'><br><small>Image from NA</small>",school,school,42.7567001555152,-71.0350430476631,"c(42.7567001555152, -71.0350430476631)"
R. Raynond Warren Apartments,Harvard,MA,1830,Porter School,mural,Lipman,NA,NA,"Harvard, MA","<b>R. Raynond Warren Apartments</b><br>Attributed to Porter School by Jean Lipman<br>Circa 1830<br><img src='NA', width = '200'><br><small>Image from NA</small>",school,school,42.4970002428386,-71.5761401074537,"c(42.4970002428386, -71.5761401074537)"
Wallace F. Bryant Estate Apartments (Whitney house),Harvard,MA,1830,Porter School,mural,Lipman,NA,NA,"Harvard, MA","<b>Wallace F. Bryant Estate Apartments (Whitney house)</b><br>Attributed to Porter School by Jean Lipman<br>Circa 1830<br><img src='NA', width = '200'><br><small>Image from NA</small>",school,school,42.5025435925167,-71.57544343846,"c(42.5025435925167, -71.57544343846)"
Joshua Simons House,Lexington,MA,1830,Porter School,mural,Lipman,NA,NA,"Lexington, MA","<b>Joshua Simons House</b><br>Attributed to Porter School by Jean Lipman<br>Circa 1830<br><img src='NA', width = '200'><br><small>Image from NA</small>",school,school,42.450873640193,-71.2222001536786,"c(42.450873640193, -71.2222001536786)"
Faith Gardner House,Lunenburg,MA,1830,Porter School,mural,Lipman,NA,NA,"Lunenburg, MA","<b>Faith Gardner House</b><br>Attributed to Porter School by Jean Lipman<br>Circa 1830<br><img src='NA', width = '200'><br><small>Image from NA</small>",school,school,42.5956389723853,-71.7359819964552,"c(42.5956389723853, -71.7359819964552)"
Sargent House,Merrimac,MA,1830,Porter School,mural,Lipman,NA,NA,"Merrimac, MA","<b>Sargent House</b><br>Attributed to Porter School by Jean Lipman<br>Circa 1830<br><img src='NA', width = '200'><br><small>Image from NA</small>",school,school,42.833827011883,-70.9934059742815,"c(42.833827011883, -70.9934059742815)"
Ronald Shaw HOuse,Merrimacport,MA,1830,Porter School,mural,Lipman,NA,NA,"Merrimacport, MA","<b>Ronald Shaw HOuse</b><br>Attributed to Porter School by Jean Lipman<br>Circa 1830<br><img src='NA', width = '200'><br><small>Image from NA</small>",school,school,42.8302812190345,-70.9878999380054,"c(42.8302812190345, -70.9878999380054)"
Charles A. Smith House,Townsend,MA,1830,Porter School,mural,Lipman,NA,NA,"Townsend, MA","<b>Charles A. Smith House</b><br>Attributed to Porter School by Jean Lipman<br>Circa 1830<br><img src='NA', width = '200'><br><small>Image from NA</small>",school,school,42.6687203516897,-71.7000153842036,"c(42.6687203516897, -71.7000153842036)"
Reed Mansion,Townsend,MA,1830,Porter School,mural,Lipman,NA,NA,"Townsend, MA","<b>Reed Mansion</b><br>Attributed to Porter School by Jean Lipman<br>Circa 1830<br><img src='NA', width = '200'><br><small>Image from NA</small>",school,school,42.6663520449122,-71.7094942254379,"c(42.6663520449122, -71.7094942254379)"
Deacon Libby House,Bridgton,ME,1830,Porter School,mural,Lipman,https://docs.google.com/drawings/d/e/2PACX-1vRYkY_pNi4XSNROp4m0sze55aaS9yjKpk1o5-XZKccp1EU8ycvCP2ojk2vBgMXh8l7d8A_GVB5QW48W/pub?w=960&h=720,<em>Folk Art Murals of the Rufus Porter School </em> by Linda Carter Lefko and Jane E. Radcliffe,"Bridgton, ME","<b>Deacon Libby House</b><br>Attributed to Porter School by Jean Lipman<br>Circa 1830<br><img src='https://docs.google.com/drawings/d/e/2PACX-1vRYkY_pNi4XSNROp4m0sze55aaS9yjKpk1o5-XZKccp1EU8ycvCP2ojk2vBgMXh8l7d8A_GVB5QW48W/pub?w=960&h=720', width = '200'><br><small>Image from <em>Folk Art Murals of the Rufus Porter School </em> by Linda Carter Lefko and Jane E. Radcliffe</small>",school,school,44.0563756212814,-70.7007093749435,"c(44.0563756212814, -70.7007093749435)"
Carroll Rounds House,Buxton,ME,1830,Porter School,mural,Lipman,NA,NA,"Buxton, ME","<b>Carroll Rounds House</b><br>Attributed to Porter School by Jean Lipman<br>Circa 1830<br><img src='NA', width = '200'><br><small>Image from NA</small>",school,school,43.637304655426,-70.5300784087215,"c(43.637304655426, -70.5300784087215)"
A.I. Poulsen House,Buxton,ME,1830,Porter School,mural,Lipman,NA,NA,"Buxton, ME","<b>A.I. Poulsen House</b><br>Attributed to Porter School by Jean Lipman<br>Circa 1830<br><img src='NA', width = '200'><br><small>Image from NA</small>",school,school,43.6418598351372,-70.5196784581879,"c(43.6418598351372, -70.5196784581879)"
Barrows Homestead,Fryeburg,ME,1830,Rufus Porter and Jonathan D. Poor,mural,Lipman,https://docs.google.com/drawings/d/e/2PACX-1vST3k-644MPFICUZhnAOEF9hDZ7305QXgeDCqxA_TP95e07sFnBNMaHjU7u0wkTHEyBD5O_b_0U5H4B/pub?w=960&h=720,<em>Folk Art Murals of the Rufus Porter School </em> by Linda Carter Lefko and Jane E. Radcliffe,"Fryeburg, ME","<b>Barrows Homestead</b><br>Attributed to Rufus Porter and Jonathan D. Poor by Jean Lipman<br>Circa 1830<br><img src='https://docs.google.com/drawings/d/e/2PACX-1vST3k-644MPFICUZhnAOEF9hDZ7305QXgeDCqxA_TP95e07sFnBNMaHjU7u0wkTHEyBD5O_b_0U5H4B/pub?w=960&h=720', width = '200'><br><small>Image from <em>Folk Art Murals of the Rufus Porter School </em> by Linda Carter Lefko and Jane E. Radcliffe</small>",rp_mural,RP,44.0136223080552,-70.9680028175714,"c(44.0136223080552, -70.9680028175714)"
Warren-Towle House,Fryeburg,ME,1830,Porter School,mural,Lipman,https://docs.google.com/drawings/d/e/2PACX-1vQ-V62GFhXIhooqhRVee_TgoQOK2E_m_9ib-1mHHxnwbMR8YYxe_a7HACxiXT5aUoYsNoMnKjwaZwSB/pub?w=960&h=720,<em>Folk Art Murals of the Rufus Porter School </em> by Linda Carter Lefko and Jane E. Radcliffe,"Fryeburg, ME","<b>Warren-Towle House</b><br>Attributed to Porter School by Jean Lipman<br>Circa 1830<br><img src='https://docs.google.com/drawings/d/e/2PACX-1vQ-V62GFhXIhooqhRVee_TgoQOK2E_m_9ib-1mHHxnwbMR8YYxe_a7HACxiXT5aUoYsNoMnKjwaZwSB/pub?w=960&h=720', width = '200'><br><small>Image from <em>Folk Art Murals of the Rufus Porter School </em> by Linda Carter Lefko and Jane E. Radcliffe</small>",school,school,44.0143318706399,-70.9747525799569,"c(44.0143318706399, -70.9747525799569)"
Dr. Files House,Gorham,ME,1830,Porter School,mural,Lipman,NA,NA,"Gorham, ME","<b>Dr. Files House</b><br>Attributed to Porter School by Jean Lipman<br>Circa 1830<br><img src='NA', width = '200'><br><small>Image from NA</small>",school,school,43.6818584391173,-70.4478335908986,"c(43.6818584391173, -70.4478335908986)"
Quillcote,Hollis Center,ME,1830,Porter School,mural,Lipman,NA,NA,"Hollis Center, ME","<b>Quillcote</b><br>Attributed to Porter School by Jean Lipman<br>Circa 1830<br><img src='NA', width = '200'><br><small>Image from NA</small>",school,school,43.6362175680625,-70.6273579053764,"c(43.6362175680625, -70.6273579053764)"
H.O. Wood House,Lewiston,ME,1830,Orison Wood,mural,Lipman,NA,NA,"Lewiston, ME","<b>H.O. Wood House</b><br>Attributed to Orison Wood by Jean Lipman<br>Circa 1830<br><img src='NA', width = '200'><br><small>Image from NA</small>",other,other,44.1015608940959,-70.2100476173729,"c(44.1015608940959, -70.2100476173729)"
Howard W. Mann House,Lewiston,ME,1830,Orison Wood,mural,Lipman,NA,NA,"Lewiston, ME","<b>Howard W. Mann House</b><br>Attributed to Orison Wood by Jean Lipman<br>Circa 1830<br><img src='NA', width = '200'><br><small>Image from NA</small>",other,other,44.099037567039,-70.213372728615,"c(44.099037567039, -70.213372728615)"
Simon Martson House,Monmouth,ME,1830,Porter School,mural,Lipman,NA,NA,"Monmouth, ME","<b>Simon Martson House</b><br>Attributed to Porter School by Jean Lipman<br>Circa 1830<br><img src='NA', width = '200'><br><small>Image from NA</small>",school,school,44.2408208074003,-70.0313799045383,"c(44.2408208074003, -70.0313799045383)"
Ingalls House,South Bridgton,ME,1830,Porter School,mural,Lipman,NA,NA,"South Bridgton, ME","<b>Ingalls House</b><br>Attributed to Porter School by Jean Lipman<br>Circa 1830<br><img src='NA', width = '200'><br><small>Image from NA</small>",school,school,43.9939110618587,-70.7078301274186,"c(43.9939110618587, -70.7078301274186)"
Captain Leavitt House,Turner,ME,1830,Orison Wood,mural,Lipman,NA,NA,"Turner, ME","<b>Captain Leavitt House</b><br>Attributed to Orison Wood by Jean Lipman<br>Circa 1830<br><img src='NA', width = '200'><br><small>Image from NA</small>",other,other,44.2548257912587,-70.2496658845374,"c(44.2548257912587, -70.2496658845374)"
Unidentified House,Turner,ME,1830,Orison Wood,mural,Lipman,NA,NA,"Turner, ME","<b>Unidentified House</b><br>Attributed to Orison Wood by Jean Lipman<br>Circa 1830<br><img src='NA', width = '200'><br><small>Image from NA</small>",other,other,44.2551601450769,-70.2447864299919,"c(44.2551601450769, -70.2447864299919)"
Unidentified House,West Mt. Vernon,ME,1835,Jonathan D. Poor,mural,Lipman,NA,NA,"West Mt. Vernon, ME","<b>Unidentified House</b><br>Attributed to Jonathan D. Poor by Jean Lipman<br>Circa 1835<br><img src='NA', width = '200'><br><small>Image from NA</small>",jdp,JDP,44.4506393577274,-70.0132295649834,"c(44.4506393577274, -70.0132295649834)"
Unidentified House,Vienna,ME,1833,Jonathan D. Poor,mural,tradition,NA,NA,"Vienna, ME","<b>Unidentified House</b><br>Traditionally attributed to Jonathan D. Poor<br>Circa 1833<br><img src='NA', width = '200'><br><small>Image from NA</small>",jdp,JDP,44.5373880085238,-69.9956024744465,"c(44.5373880085238, -69.9956024744465)"
Cushman Tavern,Webster Corner,ME,1830,Orison Wood,mural,Lipman,NA,NA,"Webster Corner, ME","<b>Cushman Tavern</b><br>Attributed to Orison Wood by Jean Lipman<br>Circa 1830<br><img src='NA', width = '200'><br><small>Image from NA</small>",other,other,44.0618692147089,-70.0904890568871,"c(44.0618692147089, -70.0904890568871)"
Otis B. Tibbets House,West Auburn,ME,1830,Orison Wood,mural,Lipman,NA,NA,"West Auburn, ME","<b>Otis B. Tibbets House</b><br>Attributed to Orison Wood by Jean Lipman<br>Circa 1830<br><img src='NA', width = '200'><br><small>Image from NA</small>",other,other,44.1581279208781,-70.2891431497621,"c(44.1581279208781, -70.2891431497621)"
Zebulon Trickey House,Westbrook,ME,1830,Porter School,mural,Lipman,https://docs.google.com/drawings/d/e/2PACX-1vQjkugEsA_rqY5xQbeOI-CvJuzBlt2yh2JjifbRVG0ISz9SfPj-tuHIpvmSL7tvO09yoV0eQ5WDi5HO/pub?w=960&h=720,<em>Folk Art Murals of the Rufus Porter School </em> by Linda Carter Lefko and Jane E. Radcliffe,"Westbrook, ME","<b>Zebulon Trickey House</b><br>Attributed to Porter School by Jean Lipman<br>Circa 1830<br><img src='https://docs.google.com/drawings/d/e/2PACX-1vQjkugEsA_rqY5xQbeOI-CvJuzBlt2yh2JjifbRVG0ISz9SfPj-tuHIpvmSL7tvO09yoV0eQ5WDi5HO/pub?w=960&h=720', width = '200'><br><small>Image from <em>Folk Art Murals of the Rufus Porter School </em> by Linda Carter Lefko and Jane E. Radcliffe</small>",school,school,43.6786719285257,-70.3806911980592,"c(43.6786719285257, -70.3806911980592)"
Elwin Chase House,Topsham,VT,1831,Porter School,mural,Lipman,https://docs.google.com/drawings/d/e/2PACX-1vRqdEt7hB-JMV5q-a-Mj0CA2JaBgM2Tyqrwlr8x8rZSjR87UFhWuIQRzm-DjzTLPnrC8V9QqdM1uTZQ/pub?w=960&h=720,<em>Rufus Porter: Rediscovered</em> by Jean Lipman,"Topsham, VT","<b>Elwin Chase House</b><br>Attributed to Porter School by Jean Lipman<br>Circa 1831<br><img src='https://docs.google.com/drawings/d/e/2PACX-1vRqdEt7hB-JMV5q-a-Mj0CA2JaBgM2Tyqrwlr8x8rZSjR87UFhWuIQRzm-DjzTLPnrC8V9QqdM1uTZQ/pub?w=960&h=720', width = '200'><br><small>Image from <em>Rufus Porter: Rediscovered</em> by Jean Lipman</small>",school,school,44.1322867476646,-72.2605776318399,"c(44.1322867476646, -72.2605776318399)"
G. Arthur Merrill House,Georgetown,MA,1832,Porter School,mural,Lipman,NA,NA,"Georgetown, MA","<b>G. Arthur Merrill House</b><br>Attributed to Porter School by Jean Lipman<br>Circa 1832<br><img src='NA', width = '200'><br><small>Image from NA</small>",school,school,42.7230646570631,-70.9933936057988,"c(42.7230646570631, -70.9933936057988)"
Pingree House,Georgetown,MA,1832,Porter School,mural,Lipman,NA,NA,"Georgetown, MA","<b>Pingree House</b><br>Attributed to Porter School by Jean Lipman<br>Circa 1832<br><img src='NA', width = '200'><br><small>Image from NA</small>",school,school,42.723330873629,-70.9929120383162,"c(42.723330873629, -70.9929120383162)"
Pierce House,Georgetown,MA,1832,Porter School,mural,Lipman,NA,NA,"Georgetown, MA","<b>Pierce House</b><br>Attributed to Porter School by Jean Lipman<br>Circa 1832<br><img src='NA', width = '200'><br><small>Image from NA</small>",school,school,42.7281247557933,-70.9796799640433,"c(42.7281247557933, -70.9796799640433)"
Ethel M. Fredrick House,Georgetown,MA,1832,Porter School,mural,Lipman,NA,NA,"Georgetown, MA","<b>Ethel M. Fredrick House</b><br>Attributed to Porter School by Jean Lipman<br>Circa 1832<br><img src='NA', width = '200'><br><small>Image from NA</small>",school,school,42.7291856864432,-70.9925980424764,"c(42.7291856864432, -70.9925980424764)"
John C. Wilkins House,Georgetown,MA,1832,Porter School,mural,Lipman,NA,NA,"Georgetown, MA","<b>John C. Wilkins House</b><br>Attributed to Porter School by Jean Lipman<br>Circa 1832<br><img src='NA', width = '200'><br><small>Image from NA</small>",school,school,42.7250326697946,-71.0025649973796,"c(42.7250326697946, -71.0025649973796)"
Poor-Perry House,Andover,MA,1835,Porter School,mural,Lipman,NA,NA,"Andover, MA","<b>Poor-Perry House</b><br>Attributed to Porter School by Jean Lipman<br>Circa 1835<br><img src='NA', width = '200'><br><small>Image from NA</small>",school,school,42.6589637230138,-71.1419647586759,"c(42.6589637230138, -71.1419647586759)"
Levi Prosser House,Charlestown,MA,1835,Porter School,mural,Lipman,NA,NA,"Charlestown, MA","<b>Levi Prosser House</b><br>Attributed to Porter School by Jean Lipman<br>Circa 1835<br><img src='NA', width = '200'><br><small>Image from NA</small>",school,school,42.3772582848127,-71.0645641549192,"c(42.3772582848127, -71.0645641549192)"
Dr. Harold Ayers House,Groton,MA,1835,Jonathan D. Poor,mural,Lipman,NA,NA,"Groton, MA","<b>Dr. Harold Ayers House</b><br>Attributed to Jonathan D. Poor by Jean Lipman<br>Circa 1835<br><img src='NA', width = '200'><br><small>Image from NA</small>",jdp,JDP,42.6126060304318,-71.5608636265587,"c(42.6126060304318, -71.5608636265587)"
Van Heusen Seventeenth-Century Farms,North Reading,MA,1835,Porter School,mural,Lipman,https://docs.google.com/drawings/d/e/2PACX-1vRFgfu2ty75FVWz0GaKybF-rp4gCP3-G_B03Zrb0unaj9NkFhoHLoCZxhmC0GLNEdEGF-cGGR4UbZcx/pub?w=960&h=720,<em>Rufus Porter: Rediscovered</em> by Jean Lipman,"North Reading, MA","<b>Van Heusen Seventeenth-Century Farms</b><br>Attributed to Porter School by Jean Lipman<br>Circa 1835<br><img src='https://docs.google.com/drawings/d/e/2PACX-1vRFgfu2ty75FVWz0GaKybF-rp4gCP3-G_B03Zrb0unaj9NkFhoHLoCZxhmC0GLNEdEGF-cGGR4UbZcx/pub?w=960&h=720', width = '200'><br><small>Image from <em>Rufus Porter: Rediscovered</em> by Jean Lipman</small>",school,school,42.5711433267939,-71.0692064312656,"c(42.5711433267939, -71.0692064312656)"
Frances Shay Mague House,North Reading,MA,1835,Porter School,mural,Lipman,NA,NA,"North Reading, MA","<b>Frances Shay Mague House</b><br>Attributed to Porter School by Jean Lipman<br>Circa 1835<br><img src='NA', width = '200'><br><small>Image from NA</small>",school,school,42.5732381649245,-71.0838451967395,"c(42.5732381649245, -71.0838451967395)"
Weeks Memorial Library,North Reading,MA,1835,Porter School,mural,Lipman,NA,NA,"North Reading, MA","<b>Weeks Memorial Library</b><br>Attributed to Porter School by Jean Lipman<br>Circa 1835<br><img src='NA', width = '200'><br><small>Image from NA</small>",school,school,42.5735831971728,-71.0735158201093,"c(42.5735831971728, -71.0735158201093)"
House near Route 28,North Reading,MA,1835,Porter School,mural,Lipman,NA,NA,"North Reading, MA","<b>House near Route 28</b><br>Attributed to Porter School by Jean Lipman<br>Circa 1835<br><img src='NA', width = '200'><br><small>Image from NA</small>",school,school,42.5738076866515,-71.0767566624814,"c(42.5738076866515, -71.0767566624814)"
Winn House,Wakefield,MA,1835,Porter School,mural,Lipman,NA,NA,"Wakefield, MA","<b>Winn House</b><br>Attributed to Porter School by Jean Lipman<br>Circa 1835<br><img src='NA', width = '200'><br><small>Image from NA</small>",school,school,42.50733946298,-71.0767647205243,"c(42.50733946298, -71.0767647205243)"
Franklin Poole House,Wakefield,MA,1835,Porter School,mural,Lipman,NA,NA,"Wakefield, MA","<b>Franklin Poole House</b><br>Attributed to Porter School by Jean Lipman<br>Circa 1835<br><img src='NA', width = '200'><br><small>Image from NA</small>",school,school,42.5067558924239,-71.0749123091048,"c(42.5067558924239, -71.0749123091048)"
Lilly Eaton House,Wakefield,MA,1835,Porter School,mural,Lipman,NA,NA,"Wakefield, MA","<b>Lilly Eaton House</b><br>Attributed to Porter School by Jean Lipman<br>Circa 1835<br><img src='NA', width = '200'><br><small>Image from NA</small>",school,school,42.5046295580362,-71.0766272852067,"c(42.5046295580362, -71.0766272852067)"
Thomas Walton House,Wakefield,MA,1835,Porter School,mural,Lipman,NA,NA,"Wakefield, MA","<b>Thomas Walton House</b><br>Attributed to Porter School by Jean Lipman<br>Circa 1835<br><img src='NA', width = '200'><br><small>Image from NA</small>",school,school,42.5040962578298,-71.0828828107713,"c(42.5040962578298, -71.0828828107713)"
Kenneth Odiorne House,Wakefield,MA,1835,Porter School,mural,Lipman,NA,NA,"Wakefield, MA","<b>Kenneth Odiorne House</b><br>Attributed to Porter School by Jean Lipman<br>Circa 1835<br><img src='NA', width = '200'><br><small>Image from NA</small>",school,school,42.5053500922101,-71.0637591093903,"c(42.5053500922101, -71.0637591093903)"
Whitman Homestead,Bryant Pond,ME,1835,Jonathan D. Poor,mural,Lipman,NA,NA,"Bryant Pond, ME","<b>Whitman Homestead</b><br>Attributed to Jonathan D. Poor by Jean Lipman<br>Circa 1835<br><img src='NA', width = '200'><br><small>Image from NA</small>",jdp,JDP,44.3981322898793,-70.5884278374171,"c(44.3981322898793, -70.5884278374171)"
Leon H. Marr House,West Mt. Vernon,ME,1835,Jonathan D. Poor,mural,Lipman,NA,NA,"West Mt. Vernon, ME","<b>Leon H. Marr House</b><br>Attributed to Jonathan D. Poor by Jean Lipman<br>Circa 1835<br><img src='NA', width = '200'><br><small>Image from NA</small>",jdp,JDP,44.4544962466948,-70.0220041544868,"c(44.4544962466948, -70.0220041544868)"
Unidentified House,Turner,ME,1830,Orison Wood,mural,Lipman,NA,NA,"Turner, ME","<b>Unidentified House</b><br>Attributed to Orison Wood by Jean Lipman<br>Circa 1830<br><img src='NA', width = '200'><br><small>Image from NA</small>",other,other,44.2559040974297,-70.268922814311,"c(44.2559040974297, -70.268922814311)"
Unidentified House,West Mt. Vernon,ME,1835,Jonathan D. Poor,mural,Lipman,NA,NA,"West Mt. Vernon, ME","<b>Unidentified House</b><br>Attributed to Jonathan D. Poor by Jean Lipman<br>Circa 1835<br><img src='NA', width = '200'><br><small>Image from NA</small>",jdp,JDP,44.4562096498019,-70.0111838365213,"c(44.4562096498019, -70.0111838365213)"
Unidentified House,Vienna,ME,1833,Jonathan D. Poor,mural,tradition,NA,NA,"Vienna, ME","<b>Unidentified House</b><br>Traditionally attributed to Jonathan D. Poor<br>Circa 1833<br><img src='NA', width = '200'><br><small>Image from NA</small>",jdp,JDP,44.5358480686451,-69.9820336823821,"c(44.5358480686451, -69.9820336823821)"
John A. Andrew House,West Boxford,MA,1838,Porter School,mural,Lipman,https://docs.google.com/drawings/d/e/2PACX-1vSXB6N3NHpvrEIwkDNYAIBMfqcqrQg_pR8JjuRwtZlQ-RtzjLwZafTKwgWLFq695PT4OeSYL6JDrxyR/pub?w=960&h=720,<em>Rufus Porter: Rediscovered</em> by Jean Lipman,"West Boxford, MA","<b>John A. Andrew House</b><br>Attributed to Porter School by Jean Lipman<br>Circa 1838<br><img src='https://docs.google.com/drawings/d/e/2PACX-1vSXB6N3NHpvrEIwkDNYAIBMfqcqrQg_pR8JjuRwtZlQ-RtzjLwZafTKwgWLFq695PT4OeSYL6JDrxyR/pub?w=960&h=720', width = '200'><br><small>Image from <em>Rufus Porter: Rediscovered</em> by Jean Lipman</small>",school,school,42.7041025595793,-71.0509071411208,"c(42.7041025595793, -71.0509071411208)"
Joseph Burgson House,West Boxford,MA,1838,Porter School,mural,Lipman,NA,NA,"West Boxford, MA","<b>Joseph Burgson House</b><br>Attributed to Porter School by Jean Lipman<br>Circa 1838<br><img src='NA', width = '200'><br><small>Image from NA</small>",school,school,42.7109235799461,-71.052742377814,"c(42.7109235799461, -71.052742377814)"
Hovey House,West Boxford,MA,1838,Porter School,mural,Lipman,NA,NA,"West Boxford, MA","<b>Hovey House</b><br>Attributed to Porter School by Jean Lipman<br>Circa 1838<br><img src='NA', width = '200'><br><small>Image from NA</small>",school,school,42.7116306064352,-71.0665494659887,"c(42.7116306064352, -71.0665494659887)"
Reuben Guild House,Westwood,MA,1838,Rufus Porter and Stephen Twombly Porter,mural,Lipman,NA,NA,"Westwood, MA","<b>Reuben Guild House</b><br>Attributed to Rufus Porter and Stephen Twombly Porter by Jean Lipman<br>Circa 1838<br><img src='NA', width = '200'><br><small>Image from NA</small>",rp_mural,RP,42.2109684537695,-71.233349905405,"c(42.2109684537695, -71.233349905405)"
Allen House,Westwood,MA,1838,Rufus Porter and Stephen Twombly Porter,mural,Lipman,NA,NA,"Westwood, MA","<b>Allen House</b><br>Attributed to Rufus Porter and Stephen Twombly Porter by Jean Lipman<br>Circa 1838<br><img src='NA', width = '200'><br><small>Image from NA</small>",rp_mural,RP,42.2135024797904,-71.2311969590725,"c(42.2135024797904, -71.2311969590725)"
Hezekiah Hutchins House,Rumford,ME,1840,Jonathan D. Poor,mural,Lipman,https://docs.google.com/drawings/d/e/2PACX-1vT17c-keKb15cHciIHudwbgVgkRObLyYAq_vo3-Xc5NVwrH0dpv7vr1q-qZN46OdXGmulg7WM0QQMtA/pub?w=960&h=720,<em>Folk Art Murals of the Rufus Porter School </em> by Linda Carter Lefko and Jane E. Radcliffe,"Rumford, ME","<b>Hezekiah Hutchins House</b><br>Attributed to Jonathan D. Poor by Jean Lipman<br>Circa 1840<br><img src='https://docs.google.com/drawings/d/e/2PACX-1vT17c-keKb15cHciIHudwbgVgkRObLyYAq_vo3-Xc5NVwrH0dpv7vr1q-qZN46OdXGmulg7WM0QQMtA/pub?w=960&h=720', width = '200'><br><small>Image from <em>Folk Art Murals of the Rufus Porter School </em> by Linda Carter Lefko and Jane E. Radcliffe</small>",jdp,JDP,44.5514623604734,-70.556168104038,"c(44.5514623604734, -70.556168104038)"
Beacon Hill Boarding House,Boston,MA,1843,Porter School,mural,Lipman,NA,NA,"Boston, MA","<b>Beacon Hill Boarding House</b><br>Attributed to Porter School by Jean Lipman<br>Circa 1843<br><img src='NA', width = '200'><br><small>Image from NA</small>",school,school,42.3566587288152,-71.0621640984913,"c(42.3566587288152, -71.0621640984913)"
Senigo House,East Weymouth,MA,1845,Porter School,mural,Lipman,NA,NA,"East Weymouth, MA","<b>Senigo House</b><br>Attributed to Porter School by Jean Lipman<br>Circa 1845<br><img src='NA', width = '200'><br><small>Image from NA</small>",school,school,42.2211617938107,-70.9529472662129,"c(42.2211617938107, -70.9529472662129)"
Fox House,Gorham,ME,1851,Granville Fernald,mural,Lipman,NA,NA,"Gorham, ME","<b>Fox House</b><br>Attributed to Granville Fernald by Jean Lipman<br>Circa 1851<br><img src='NA', width = '200'><br><small>Image from NA</small>",other,other,43.6818263469655,-70.4378061610808,"c(43.6818263469655, -70.4378061610808)"
Pride House,Westbrook,ME,1851,Granville Fernald,mural,Lipman,NA,NA,"Westbrook, ME","<b>Pride House</b><br>Attributed to Granville Fernald by Jean Lipman<br>Circa 1851<br><img src='NA', width = '200'><br><small>Image from NA</small>",other,other,43.6742949165604,-70.361987537033,"c(43.6742949165604, -70.361987537033)"
Jacob Davis,Minot,ME,1815,Rufus Porter,portrait,MFA,https://docs.google.com/drawings/d/e/2PACX-1vRTi4N-J6NMl0vrGI9ldDGB5lFDYRqmfny_qYp0LSGQkCojv2aqZE11PsU01JnikwXPQIU0PNlif38V/pub?w=960&h=720,"Museum of Fine Arts, Boston","Minot, ME","<b>Jacob Davis</b><br>Attributed to  Rufus Porter<br>Circa 1815<br><img src='https://docs.google.com/drawings/d/e/2PACX-1vRTi4N-J6NMl0vrGI9ldDGB5lFDYRqmfny_qYp0LSGQkCojv2aqZE11PsU01JnikwXPQIU0PNlif38V/pub?w=960&h=720', width = '200'><br><small>Image from Museum of Fine Arts, Boston</small>",portrait,RP,44.1551799495179,-70.3551110254929,"c(44.1551799495179, -70.3551110254929)"
Colonel Jacob W. Watson,Princeton,MA,1833,Rufus Porter,portrait,MFA,https://docs.google.com/drawings/d/e/2PACX-1vS6BpsDZ_dva4oOibWk8ZCYGIn-5jC8QJ7x02OXN8fPUX9bEbE7CtcZ9H__T7cy-f6LuVESagdrKNCm/pub?w=960&h=720,"Museum of Fine Arts, Boston","Princeton, MA","<b>Colonel Jacob W. Watson</b><br>Attributed to  Rufus Porter<br>Circa 1833<br><img src='https://docs.google.com/drawings/d/e/2PACX-1vS6BpsDZ_dva4oOibWk8ZCYGIn-5jC8QJ7x02OXN8fPUX9bEbE7CtcZ9H__T7cy-f6LuVESagdrKNCm/pub?w=960&h=720', width = '200'><br><small>Image from Museum of Fine Arts, Boston</small>",portrait,RP,42.4480074464969,-71.886046962385,"c(42.4480074464969, -71.886046962385)"
Lydia Watson,Princeton,MA,1833,Rufus Porter,portrait,MFA,https://docs.google.com/drawings/d/e/2PACX-1vThhCm9JHQv-ID3TJTNJUaiuYrMKPB2HJY0CPHte-rtcosNcf9LdWmvq0CtFPC9tzO0M_1dAPrp5x1V/pub?w=960&h=720,"Museum of Fine Arts, Boston","Princeton, MA","<b>Lydia Watson</b><br>Attributed to  Rufus Porter<br>Circa 1833<br><img src='https://docs.google.com/drawings/d/e/2PACX-1vThhCm9JHQv-ID3TJTNJUaiuYrMKPB2HJY0CPHte-rtcosNcf9LdWmvq0CtFPC9tzO0M_1dAPrp5x1V/pub?w=960&h=720', width = '200'><br><small>Image from Museum of Fine Arts, Boston</small>",portrait,RP,42.4510311866823,-71.8691214833531,"c(42.4510311866823, -71.8691214833531)"
Captain Samuel Benjamin House,Winthrop,ME,1830,Porter School,mural,MSM,https://docs.google.com/drawings/d/e/2PACX-1vSFidbgYNfvoip9GJN7TeLSg6d9ssE9dsMqL5SO2XnBaXJe4tA9b3tlnN3mNBfslBdONZlQolQS_okB/pub?w=960&h=720,<em>Rufus Porter: Rediscovered</em> by Jean Lipman,"Winthrop, ME","<b>Captain Samuel Benjamin House</b><br>Attributed to  Porter School<br>Circa 1830<br><img src='https://docs.google.com/drawings/d/e/2PACX-1vSFidbgYNfvoip9GJN7TeLSg6d9ssE9dsMqL5SO2XnBaXJe4tA9b3tlnN3mNBfslBdONZlQolQS_okB/pub?w=960&h=720', width = '200'><br><small>Image from <em>Rufus Porter: Rediscovered</em> by Jean Lipman</small>",school,school,44.3063399838557,-69.9799972219368,"c(44.3063399838557, -69.9799972219368)"
Oliver Wight House,Sturbridge,MA,1830,Porter School,mural,OSV,https://upload.wikimedia.org/wikipedia/commons/8/8f/OWHPortermural2.jpg,Wikimedia Commons,"Sturbridge, MA","<b>Oliver Wight House</b><br>Attributed to  Porter School<br>Circa 1830<br><img src='https://upload.wikimedia.org/wikipedia/commons/8/8f/OWHPortermural2.jpg', width = '200'><br><small>Image from Wikimedia Commons</small>",school,school,42.1110967718459,-72.0799870818854,"c(42.1110967718459, -72.0799870818854)"
Besty Long Ellis,Middleboro,MA,1815,Rufus Porter,portrait,RPM,NA,NA,"Middleboro, MA","<b>Besty Long Ellis</b><br>Attributed to Rufus Porter by the Rufus Porter Museum<br>Circa 1815<br><img src='NA', width = '200'><br><small>Image from NA</small>",portrait,RP,41.8946357722648,-70.9208945006782,"c(41.8946357722648, -70.9208945006782)"
Mary Gorham Irish,Gorham,ME,1819,Rufus Porter,portrait,RPM,NA,NA,"Gorham, ME","<b>Mary Gorham Irish</b><br>Attributed to Rufus Porter by the Rufus Porter Museum<br>Circa 1819<br><img src='NA', width = '200'><br><small>Image from NA</small>",portrait,RP,43.6799867296175,-70.4486626010259,"c(43.6799867296175, -70.4486626010259)"
Judith Carter,Hopkinton,MA,1820,Rufus Porter,portrait,RPM,NA,NA,"Hopkinton, MA","<b>Judith Carter</b><br>Attributed to Rufus Porter by the Rufus Porter Museum<br>Circa 1820<br><img src='NA', width = '200'><br><small>Image from NA</small>",portrait,RP,42.2318068243007,-71.5184646471816,"c(42.2318068243007, -71.5184646471816)"
Timothy Carter,Hopkinton,MA,1820,Rufus Porter,portrait,RPM,NA,NA,"Hopkinton, MA","<b>Timothy Carter</b><br>Attributed to Rufus Porter by the Rufus Porter Museum<br>Circa 1820<br><img src='NA', width = '200'><br><small>Image from NA</small>",portrait,RP,42.2298026395875,-71.519275517993,"c(42.2298026395875, -71.519275517993)"
Mrs. Cooper,Cooperstown,NY,1820,Rufus Porter,portrait,RPM,NA,NA,"Cooperstown, NY","<b>Mrs. Cooper</b><br>Attributed to Rufus Porter by the Rufus Porter Museum<br>Circa 1820<br><img src='NA', width = '200'><br><small>Image from NA</small>",portrait,RP,42.7041579934818,-74.9150180749558,"c(42.7041579934818, -74.9150180749558)"
Mr. Cooper,Cooperstown,NY,1820,Rufus Porter,portrait,RPM,NA,NA,"Cooperstown, NY","<b>Mr. Cooper</b><br>Attributed to Rufus Porter by the Rufus Porter Museum<br>Circa 1820<br><img src='NA', width = '200'><br><small>Image from NA</small>",portrait,RP,42.69926905526,-74.9252177662372,"c(42.69926905526, -74.9252177662372)"
Nathan Peabody Ames,Chelmsford,MA,1825,Rufus Porter,portrait,RPM,NA,NA,"Chelmsford, MA","<b>Nathan Peabody Ames</b><br>Attributed to Rufus Porter by the Rufus Porter Museum<br>Circa 1825<br><img src='NA', width = '200'><br><small>Image from NA</small>",portrait,RP,42.5966970649318,-71.3704154703281,"c(42.5966970649318, -71.3704154703281)"
Dalton House,Parsonfield,ME,1830,Jonathan D. Poor,mural,signed,http://s3.amazonaws.com/afanews_articles/01019/FIG-13_-15---Dalton-signature.png,"""Rediscovering the Murals of Jonathan D. Poor"" by Jane E. Radcliffe","Parsonfield, ME","<b>Dalton House</b><br>Signed by Jonathan D. Poor<br>Circa 1830<br><img src='http://s3.amazonaws.com/afanews_articles/01019/FIG-13_-15---Dalton-signature.png', width = '200'><br><small>Image from ""Rediscovering the Murals of Jonathan D. Poor"" by Jane E. Radcliffe</small>",jdp,JDP,43.7255685647187,-70.9254733111583,"c(43.7255685647187, -70.9254733111583)"
Chillis House,Parsonfield,ME,1830,Jonathan D. Poor,mural,signed,http://s3.amazonaws.com/afanews_articles/01019/FIG-14_-16---Morison-signature.png,"""Rediscovering the Murals of Jonathan D. Poor"" by Jane E. Radcliffe","Parsonfield, ME","<b>Chillis House</b><br>Signed by Jonathan D. Poor<br>Circa 1830<br><img src='http://s3.amazonaws.com/afanews_articles/01019/FIG-14_-16---Morison-signature.png', width = '200'><br><small>Image from ""Rediscovering the Murals of Jonathan D. Poor"" by Jane E. Radcliffe</small>",jdp,JDP,43.727346635456,-70.9365002677379,"c(43.727346635456, -70.9365002677379)"
Frank Hanson House,Winthrop,ME,1830,E.V. Bennett,mural,signed,NA,NA,"Winthrop, ME","<b>Frank Hanson House</b><br>Signed by E.V. Bennett<br>Circa 1830<br><img src='NA', width = '200'><br><small>Image from NA</small>",other,other,44.3087960732118,-69.9774904101548,"c(44.3087960732118, -69.9774904101548)"
Knowlton House,Winthrop,ME,1830,E.J. Gilbert,mural,signed,NA,NA,"Winthrop, ME","<b>Knowlton House</b><br>Signed by E.J. Gilbert<br>Circa 1830<br><img src='NA', width = '200'><br><small>Image from NA</small>",other,other,44.30701250609,-69.9661933289903,"c(44.30701250609, -69.9661933289903)"
Professor Diller House,Chesterville,ME,1834,Jonathan D. Poor,mural,signed,NA,NA,"Chesterville, ME","<b>Professor Diller House</b><br>Signed by Jonathan D. Poor<br>Circa 1834<br><img src='NA', width = '200'><br><small>Image from NA</small>",jdp,JDP,44.5470789313892,-70.0729827124081,"c(44.5470789313892, -70.0729827124081)"
Fuller Dyke House,Chesterville,ME,1834,Jonathan D. Poor,mural,signed,NA,NA,"Chesterville, ME","<b>Fuller Dyke House</b><br>Signed by Jonathan D. Poor<br>Circa 1834<br><img src='NA', width = '200'><br><small>Image from NA</small>",jdp,JDP,44.5546180969214,-70.0846117504469,"c(44.5546180969214, -70.0846117504469)"
Donald L. Priest House,Groton,MA,1835,Jonathan D. Poor,mural,signed,http://s3.amazonaws.com/afanews_articles/01019/FIG-10_-%282.png,"""Rediscovering the Murals of Jonathan D. Poor"" by Jane E. Radcliffe","Groton, MA","<b>Donald L. Priest House</b><br>Signed by Jonathan D. Poor<br>Circa 1835<br><img src='http://s3.amazonaws.com/afanews_articles/01019/FIG-10_-%282.png', width = '200'><br><small>Image from ""Rediscovering the Murals of Jonathan D. Poor"" by Jane E. Radcliffe</small>",jdp,JDP,42.608471821034,-71.5881602956094,"c(42.608471821034, -71.5881602956094)"
Emerson House,Wakefield,MA,1835,Rufus Porter,mural,signed,http://s3.amazonaws.com/afanews_articles/01019/FIG-1_-%281.5-pg.png,"""Rediscovering the Murals of Jonathan D. Poor"" by Jane E. Radcliffe","Wakefield, MA","<b>Emerson House</b><br>Signed by Rufus Porter<br>Circa 1835<br><img src='http://s3.amazonaws.com/afanews_articles/01019/FIG-1_-%281.5-pg.png', width = '200'><br><small>Image from ""Rediscovering the Murals of Jonathan D. Poor"" by Jane E. Radcliffe</small>",rp_mural,RP,42.500908454079,-71.0656684924018,"c(42.500908454079, -71.0656684924018)"
Shaker Glenn Inn,Woburn,MA,1835,Porter School,mural,signed,NA,NA,"Woburn, MA","<b>Shaker Glenn Inn</b><br>Signed by Porter School<br>Circa 1835<br><img src='NA', width = '200'><br><small>Image from NA</small>",school,school,42.4802014863432,-71.1452403709137,"c(42.4802014863432, -71.1452403709137)"
Burbank House,Mt. Vernon,ME,1835,Jonathan D. Poor,mural,tradition,http://s3.amazonaws.com/afanews_articles/01019/FIG-5_-%282.37-pg.png,"""Rediscovering the Murals of Jonathan D. Poor"" by Jane E. Radcliffe","Mt. Vernon, ME","<b>Burbank House</b><br>Traditionally attributed to Jonathan D. Poor<br>Circa 1835<br><img src='http://s3.amazonaws.com/afanews_articles/01019/FIG-5_-%282.37-pg.png', width = '200'><br><small>Image from ""Rediscovering the Murals of Jonathan D. Poor"" by Jane E. Radcliffe</small>",jdp,JDP,44.4992868275331,-69.9748004081395,"c(44.4992868275331, -69.9748004081395)"
Judge Bean House,Readfield,ME,1835,Jonathan D. Poor,mural,signed,http://s3.amazonaws.com/afanews_articles/01019/FIG-12_-10---Bean-signature-on-ship-LCL.png,"""Rediscovering the Murals of Jonathan D. Poor"" by Jane E. Radcliffe","Readfield, ME","<b>Judge Bean House</b><br>Signed by Jonathan D. Poor<br>Circa 1835<br><img src='http://s3.amazonaws.com/afanews_articles/01019/FIG-12_-10---Bean-signature-on-ship-LCL.png', width = '200'><br><small>Image from ""Rediscovering the Murals of Jonathan D. Poor"" by Jane E. Radcliffe</small>",jdp,JDP,44.3888714476336,-69.9702200438382,"c(44.3888714476336, -69.9702200438382)"
Dr. Francis Howe House,Westwood,MA,1838,Rufus Porter and Stephen Twombly Porter,mural,signed,https://upload.wikimedia.org/wikipedia/en/e/e1/Wall_mural_by_Rufus_Porter.jpg,Wikimedia Commons,"Westwood, MA","<b>Dr. Francis Howe House</b><br>Signed by Rufus Porter and Stephen Twombly Porter<br>Circa 1838<br><img src='https://upload.wikimedia.org/wikipedia/en/e/e1/Wall_mural_by_Rufus_Porter.jpg', width = '200'><br><small>Image from Wikimedia Commons</small>",rp_mural,RP,42.2159665662358,-71.2235709549699,"c(42.2159665662358, -71.2235709549699)"
Unidentified House,Turner,ME,1830,Orison Wood,mural,Lipman,NA,NA,"Turner, ME","<b>Unidentified House</b><br>Attributed to Orison Wood by Jean Lipman<br>Circa 1830<br><img src='NA', width = '200'><br><small>Image from NA</small>",other,other,44.2555336037728,-70.2601604196918,"c(44.2555336037728, -70.2601604196918)"
Unidentified House,West Mt. Vernon,ME,1835,Jonathan D. Poor,mural,Lipman,NA,NA,"West Mt. Vernon, ME","<b>Unidentified House</b><br>Attributed to Jonathan D. Poor by Jean Lipman<br>Circa 1835<br><img src='NA', width = '200'><br><small>Image from NA</small>",jdp,JDP,44.4548297708007,-70.0159663113431,"c(44.4548297708007, -70.0159663113431)"
Unidentified House,Vienna,ME,1833,Jonathan D. Poor,mural,tradition,NA,NA,"Vienna, ME","<b>Unidentified House</b><br>Traditionally attributed to Jonathan D. Poor<br>Circa 1833<br><img src='NA', width = '200'><br><small>Image from NA</small>",jdp,JDP,44.531828388680204,-69.9744702592235,"c(44.5318283886802, -69.9744702592235)"
Julia Lottie Hills,Plainville,CT,1835,Rufus Porter,portrait,signed,NA,NA,"Plainville, CT","<b>Julia Lottie Hills</b><br>Signed by Rufus Porter<br>Circa 1835<br><img src='NA', width = '200'><br><small>Image from NA</small>",portrait,RP,41.6789514828976,-72.8645773127017,"c(41.6789514828976, -72.8645773127017)"
Joshua Eaton House,Bradford,NH,1824,"Rufus Porter and Moses Eaton, Jr.",mural,tradition,https://docs.google.com/drawings/d/e/2PACX-1vQ4TzQOcGCe3R4Uz3SBXMw5OrUVBW1FI7a0yUTKviTCTo7TdenzBIXx6qRSaX_2z4z3Zsluf4YE6fjT/pub?w=960&h=720,<em>Rufus Porter: Rediscovered</em> by Jean Lipman,"Bradford, NH","<b>Joshua Eaton House</b><br>Traditionally attributed to Rufus Porter and Moses Eaton, Jr.<br>Circa 1824<br><img src='https://docs.google.com/drawings/d/e/2PACX-1vQ4TzQOcGCe3R4Uz3SBXMw5OrUVBW1FI7a0yUTKviTCTo7TdenzBIXx6qRSaX_2z4z3Zsluf4YE6fjT/pub?w=960&h=720', width = '200'><br><small>Image from <em>Rufus Porter: Rediscovered</em> by Jean Lipman</small>",rp_mural,RP,43.2708205505484,-71.94905722048,"c(43.2708205505484, -71.94905722048)"
Thompkins House,Cornish,ME,1830,Porter School,mural,tradition,NA,NA,"Cornish, ME","<b>Thompkins House</b><br>Traditionally attributed to Porter School<br>Circa 1830<br><img src='NA', width = '200'><br><small>Image from NA</small>",school,school,43.8083916877162,-70.8118738030612,"c(43.8083916877162, -70.8118738030612)"
Jonathan Cushman House,Farmington,ME,1830,Jonathan D. Poor and Paine,mural,tradition,NA,NA,"Farmington, ME","<b>Jonathan Cushman House</b><br>Traditionally attributed to Jonathan D. Poor and Paine<br>Circa 1830<br><img src='NA', width = '200'><br><small>Image from NA</small>",jdp,JDP,44.668906926402,-70.1469811221662,"c(44.668906926402, -70.1469811221662)"
William Gilman House,Farmington,ME,1830,Jonathan D. Poor and Paine,mural,tradition,NA,NA,"Farmington, ME","<b>William Gilman House</b><br>Traditionally attributed to Jonathan D. Poor and Paine<br>Circa 1830<br><img src='NA', width = '200'><br><small>Image from NA</small>",jdp,JDP,44.673233144175,-70.1608603256894,"c(44.673233144175, -70.1608603256894)"
David Ingham House,Farmington,ME,1830,Jonathan D. Poor and Paine,mural,tradition,NA,NA,"Farmington, ME","<b>David Ingham House</b><br>Traditionally attributed to Jonathan D. Poor and Paine<br>Circa 1830<br><img src='NA', width = '200'><br><small>Image from NA</small>",jdp,JDP,44.6695335609661,-70.1647678423054,"c(44.6695335609661, -70.1647678423054)"
Dyer/Currier House,Farmington,ME,1830,Jonathan D. Poor and Paine,mural,tradition,https://docs.google.com/drawings/d/e/2PACX-1vRwzbRw-1fqWCb5qUEnt0vg0TYndXPdFxr6RzzGw9CNian-_XlJDwCyjF9nJeTNs7R-9I0B2IIMviiN/pub?w=960&h=720,<em>Folk Art Murals of the Rufus Porter School </em> by Linda Carter Lefko and Jane E. Radcliffe,"Farmington, ME","<b>Dyer/Currier House</b><br>Traditionally attributed to Jonathan D. Poor and Paine<br>Circa 1830<br><img src='https://docs.google.com/drawings/d/e/2PACX-1vRwzbRw-1fqWCb5qUEnt0vg0TYndXPdFxr6RzzGw9CNian-_XlJDwCyjF9nJeTNs7R-9I0B2IIMviiN/pub?w=960&h=720', width = '200'><br><small>Image from <em>Folk Art Murals of the Rufus Porter School </em> by Linda Carter Lefko and Jane E. Radcliffe</small>",jdp,JDP,44.6703504708106,-70.143388879125,"c(44.6703504708106, -70.143388879125)"
Robert C. Bruce House,New Sharon,ME,1840,Jonathan D. Poor,mural,tradition,NA,NA,"New Sharon, ME","<b>Robert C. Bruce House</b><br>Traditionally attributed to Jonathan D. Poor<br>Circa 1840<br><img src='NA', width = '200'><br><small>Image from NA</small>",jdp,JDP,44.6391508441207,-70.0186117269037,"c(44.6391508441207, -70.0186117269037)"
Russ House,Farmington Falls,ME,1830,Jonathan D. Poor and Paine,mural,tradition,https://docs.google.com/drawings/d/e/2PACX-1vQqoq1_4UdVpcXhx7vjzqCgPojkob3QS8eDrhIiPEQuoJpHU-RNpvc5wXi-Iqm8QDCCqdlgWMx5gKu0/pub?w=960&h=720,<em>Folk Art Murals of the Rufus Porter School </em> by Linda Carter Lefko and Jane E. Radcliffe,"Farmington Falls, ME","<b>Russ House</b><br>Traditionally attributed to Jonathan D. Poor and Paine<br>Circa 1830<br><img src='https://docs.google.com/drawings/d/e/2PACX-1vQqoq1_4UdVpcXhx7vjzqCgPojkob3QS8eDrhIiPEQuoJpHU-RNpvc5wXi-Iqm8QDCCqdlgWMx5gKu0/pub?w=960&h=720', width = '200'><br><small>Image from <em>Folk Art Murals of the Rufus Porter School </em> by Linda Carter Lefko and Jane E. Radcliffe</small>",jdp,JDP,44.6221826912,-70.0728556541963,"c(44.6221826912, -70.0728556541963)"
McDonald Inn,Limerick,ME,1830,Paine,mural,tradition,NA,NA,"Limerick, ME","<b>McDonald Inn</b><br>Traditionally attributed to Paine<br>Circa 1830<br><img src='NA', width = '200'><br><small>Image from NA</small>",other,other,43.6876062896009,-70.7951720974947,"c(43.6876062896009, -70.7951720974947)"
Furlong House,Limerick,ME,1830,Paine,mural,tradition,NA,NA,"Limerick, ME","<b>Furlong House</b><br>Traditionally attributed to Paine<br>Circa 1830<br><img src='NA', width = '200'><br><small>Image from NA</small>",other,other,43.6877048277045,-70.7967591167722,"c(43.6877048277045, -70.7967591167722)"
Frank Chapman House,North Parsonfield,ME,1830,Jonathan D. Poor and Paine,mural,tradition,NA,NA,"North Parsonfield, ME","<b>Frank Chapman House</b><br>Traditionally attributed to Jonathan D. Poor and Paine<br>Circa 1830<br><img src='NA', width = '200'><br><small>Image from NA</small>",jdp,JDP,43.7560552604173,-70.930960017254307,"c(43.7560552604173, -70.9309600172543)"
Helen Cating House,North Parsonfield,ME,1830,Jonathan D. Poor and Paine,mural,tradition,NA,NA,"North Parsonfield, ME","<b>Helen Cating House</b><br>Traditionally attributed to Jonathan D. Poor and Paine<br>Circa 1830<br><img src='NA', width = '200'><br><small>Image from NA</small>",jdp,JDP,43.7581945566091,-70.9154282115314,"c(43.7581945566091, -70.9154282115314)"
Dr. William Reid House,North Parsonfield,ME,1830,Jonathan D. Poor and Paine,mural,tradition,NA,NA,"North Parsonfield, ME","<b>Dr. William Reid House</b><br>Traditionally attributed to Jonathan D. Poor and Paine<br>Circa 1830<br><img src='NA', width = '200'><br><small>Image from NA</small>",jdp,JDP,43.7607722747426,-70.9138866209913,"c(43.7607722747426, -70.9138866209913)"
Warren Pederson House,Standish,ME,1830,Jonathan D. Poor,mural,signed,http://s3.amazonaws.com/afanews_articles/01019/FIG-11_-13---Prescott-signature.png,"""Rediscovering the Murals of Jonathan D. Poor"" by Jane E. Radcliffe","Standish, ME","<b>Warren Pederson House</b><br>Signed by Jonathan D. Poor<br>Circa 1830<br><img src='http://s3.amazonaws.com/afanews_articles/01019/FIG-11_-13---Prescott-signature.png', width = '200'><br><small>Image from ""Rediscovering the Murals of Jonathan D. Poor"" by Jane E. Radcliffe</small>",jdp,JDP,43.7395704797251,-70.5582185128208,"c(43.7395704797251, -70.5582185128208)"
Barbara E. Parker House,Standish,ME,1830,Paine,mural,tradition,NA,NA,"Standish, ME","<b>Barbara E. Parker House</b><br>Traditionally attributed to Paine<br>Circa 1830<br><img src='NA', width = '200'><br><small>Image from NA</small>",other,other,43.7346170483178,-70.5495728973157,"c(43.7346170483178, -70.5495728973157)"
Nathaniel Whittier House,Vienna,ME,1833,Jonathan D. Poor,mural,tradition,NA,NA,"Vienna, ME","<b>Nathaniel Whittier House</b><br>Traditionally attributed to Jonathan D. Poor<br>Circa 1833<br><img src='NA', width = '200'><br><small>Image from NA</small>",jdp,JDP,44.537471872549,-69.994979245338,"c(44.537471872549, -69.994979245338)"
Gilman Batchelder House,Vienna,ME,1833,Jonathan D. Poor,mural,tradition,NA,NA,"Vienna, ME","<b>Gilman Batchelder House</b><br>Traditionally attributed to Jonathan D. Poor<br>Circa 1833<br><img src='NA', width = '200'><br><small>Image from NA</small>",jdp,JDP,44.536319953491,-69.9912223959391,"c(44.536319953491, -69.9912223959391)"
Unidentified House,Turner,ME,1830,Orison Wood,mural,Lipman,NA,NA,"Turner, ME","<b>Unidentified House</b><br>Attributed to Orison Wood by Jean Lipman<br>Circa 1830<br><img src='NA', width = '200'><br><small>Image from NA</small>",other,other,44.2572223857931,-70.2497494199251,"c(44.2572223857931, -70.2497494199251)"
Unidentified House,West Mt. Vernon,ME,1835,Jonathan D. Poor,mural,Lipman,NA,NA,"West Mt. Vernon, ME","<b>Unidentified House</b><br>Attributed to Jonathan D. Poor by Jean Lipman<br>Circa 1835<br><img src='NA', width = '200'><br><small>Image from NA</small>",jdp,JDP,44.4556497903638,-70.0278388985041,"c(44.4556497903638, -70.0278388985041)"
Unidentified House,Vienna,ME,1833,Jonathan D. Poor,mural,tradition,NA,NA,"Vienna, ME","<b>Unidentified House</b><br>Traditionally attributed to Jonathan D. Poor<br>Circa 1833<br><img src='NA', width = '200'><br><small>Image from NA</small>",jdp,JDP,44.5370052067791,-69.9765056303878,"c(44.5370052067791, -69.9765056303878)"
Captain Thomas Williams House,Chesterville,ME,1834,Jonathan D. Poor,mural,tradition,NA,NA,"Chesterville, ME","<b>Captain Thomas Williams House</b><br>Traditionally attributed to Jonathan D. Poor<br>Circa 1834<br><img src='NA', width = '200'><br><small>Image from NA</small>",jdp,JDP,44.5488971500021,-70.074048699484507,"c(44.5488971500021, -70.0740486994845)"
Lyman Whittier House,Chesterville,ME,1834,Jonathan D. Poor,mural,tradition,NA,NA,"Chesterville, ME","<b>Lyman Whittier House</b><br>Traditionally attributed to Jonathan D. Poor<br>Circa 1834<br><img src='NA', width = '200'><br><small>Image from NA</small>",jdp,JDP,44.5534192897299,-70.0931595486782,"c(44.5534192897299, -70.0931595486782)"
Thomas Austin House,Chesterville,ME,1834,Jonathan D. Poor,mural,tradition,NA,NA,"Chesterville, ME","<b>Thomas Austin House</b><br>Traditionally attributed to Jonathan D. Poor<br>Circa 1834<br><img src='NA', width = '200'><br><small>Image from NA</small>",jdp,JDP,44.5493221207414,-70.0874133517556,"c(44.5493221207414, -70.0874133517556)"
Dr. Moses Mason House,Bethel,ME,1835,Jonathan D. Poor,mural,tradition,https://docs.google.com/drawings/d/e/2PACX-1vTUjAezgA8_4fGT5N09kIXxLcP6iYVlk5I6fNqfFDp-B3ynnDlmlSjdqAs2WXjZF2fBvNXjUSSD6zvt/pub?w=960&h=720,<em>Folk Art Murals of the Rufus Porter School </em> by Linda Carter Lefko and Jane E. Radcliffe,"Bethel, ME","<b>Dr. Moses Mason House</b><br>Traditionally attributed to Jonathan D. Poor<br>Circa 1835<br><img src='https://docs.google.com/drawings/d/e/2PACX-1vTUjAezgA8_4fGT5N09kIXxLcP6iYVlk5I6fNqfFDp-B3ynnDlmlSjdqAs2WXjZF2fBvNXjUSSD6zvt/pub?w=960&h=720', width = '200'><br><small>Image from <em>Folk Art Murals of the Rufus Porter School </em> by Linda Carter Lefko and Jane E. Radcliffe</small>",jdp,JDP,44.4066612450041,-70.7969679741283,"c(44.4066612450041, -70.7969679741283)"
Milton Gay House,Farmington,ME,1835,Jonathan D. Poor and Paine,mural,tradition,NA,NA,"Farmington, ME","<b>Milton Gay House</b><br>Traditionally attributed to Jonathan D. Poor and Paine<br>Circa 1835<br><img src='NA', width = '200'><br><small>Image from NA</small>",jdp,JDP,44.6667181327605,-70.1450279020166,"c(44.6667181327605, -70.1450279020166)"
Gerald York House,Farmington,ME,1835,Jonathan D. Poor,mural,tradition,NA,NA,"Farmington, ME","<b>Gerald York House</b><br>Traditionally attributed to Jonathan D. Poor<br>Circa 1835<br><img src='NA', width = '200'><br><small>Image from NA</small>",jdp,JDP,44.6690503074616,-70.1432220103784,"c(44.6690503074616, -70.1432220103784)"
Benjamin Stanley House,Farmington,ME,1835,Jonathan D. Poor,mural,tradition,NA,NA,"Farmington, ME","<b>Benjamin Stanley House</b><br>Traditionally attributed to Jonathan D. Poor<br>Circa 1835<br><img src='NA', width = '200'><br><small>Image from NA</small>",jdp,JDP,44.6664096394135,-70.138284894405,"c(44.6664096394135, -70.138284894405)"
David E. Currier House,Farmington,ME,1835,Jonathan D. Poor,mural,tradition,NA,NA,"Farmington, ME","<b>David E. Currier House</b><br>Traditionally attributed to Jonathan D. Poor<br>Circa 1835<br><img src='NA', width = '200'><br><small>Image from NA</small>",jdp,JDP,44.6694407445287,-70.1582912735143,"c(44.6694407445287, -70.1582912735143)"
Lieutenant John Lovejoy House,Fayette,ME,1835,Jonathan D. Poor,mural,tradition,https://docs.google.com/drawings/d/e/2PACX-1vSOnPJM4b6VTZ5j_iBlIDxoFzPLSmJORq0ixDYGOjotO5QRwjjzgxdGK8yBSSqZQrPcL0jxux9NkNzp/pub?w=960&h=720,<em>Folk Art Murals of the Rufus Porter School </em> by Linda Carter Lefko and Jane E. Radcliffe,"Fayette, ME","<b>Lieutenant John Lovejoy House</b><br>Traditionally attributed to Jonathan D. Poor<br>Circa 1835<br><img src='https://docs.google.com/drawings/d/e/2PACX-1vSOnPJM4b6VTZ5j_iBlIDxoFzPLSmJORq0ixDYGOjotO5QRwjjzgxdGK8yBSSqZQrPcL0jxux9NkNzp/pub?w=960&h=720', width = '200'><br><small>Image from <em>Folk Art Murals of the Rufus Porter School </em> by Linda Carter Lefko and Jane E. Radcliffe</small>",jdp,JDP,44.4089813420497,-70.0456049913021,"c(44.4089813420497, -70.0456049913021)"
Arthur Gordon House,Mt. Vernon,ME,1835,Jonathan D. Poor,mural,tradition,NA,NA,"Mt. Vernon, ME","<b>Arthur Gordon House</b><br>Traditionally attributed to Jonathan D. Poor<br>Circa 1835<br><img src='NA', width = '200'><br><small>Image from NA</small>",jdp,JDP,44.5012375697849,-69.9887052155508,"c(44.5012375697849, -69.9887052155508)"
Captain Dudley Haines House,Readfield,ME,1835,Jonathan D. Poor,mural,tradition,https://docs.google.com/drawings/d/e/2PACX-1vSOj7KMEzu3x88kkAt86iv17myL1qX7SOhu6NcG98CwLWTutEz-fUUE7BikxxTScyQlgpr3TK0e0tLj/pub?w=960&h=720,<em>Folk Art Murals of the Rufus Porter School </em> by Linda Carter Lefko and Jane E. Radcliffe,"Readfield, ME","<b>Captain Dudley Haines House</b><br>Traditionally attributed to Jonathan D. Poor<br>Circa 1835<br><img src='https://docs.google.com/drawings/d/e/2PACX-1vSOj7KMEzu3x88kkAt86iv17myL1qX7SOhu6NcG98CwLWTutEz-fUUE7BikxxTScyQlgpr3TK0e0tLj/pub?w=960&h=720', width = '200'><br><small>Image from <em>Folk Art Murals of the Rufus Porter School </em> by Linda Carter Lefko and Jane E. Radcliffe</small>",jdp,JDP,44.3850207038324,-69.9789354916153,"c(44.3850207038324, -69.9789354916153)"
William McCleary House,Strong,ME,1835,Jonathan D. Poor,mural,tradition,https://docs.google.com/drawings/d/e/2PACX-1vQXExVVL0CCfNq81bDBvgGUTfsAtdkRD9qA2sNLoVCk-dXfCv4SDci-mxy_swgflFD0UlcvfcNnFA1c/pub?w=960&h=720,<em>Folk Art Murals of the Rufus Porter School </em> by Linda Carter Lefko and Jane E. Radcliffe,"Strong, ME","<b>William McCleary House</b><br>Traditionally attributed to Jonathan D. Poor<br>Circa 1835<br><img src='https://docs.google.com/drawings/d/e/2PACX-1vQXExVVL0CCfNq81bDBvgGUTfsAtdkRD9qA2sNLoVCk-dXfCv4SDci-mxy_swgflFD0UlcvfcNnFA1c/pub?w=960&h=720', width = '200'><br><small>Image from <em>Folk Art Murals of the Rufus Porter School </em> by Linda Carter Lefko and Jane E. Radcliffe</small>",jdp,JDP,44.8098234187739,-70.2113272678794,"c(44.8098234187739, -70.2113272678794)"
E.A. West House,Westwood,MA,1838,Rufus Porter and Stephen Twombly Porter,mural,tradition,https://www.themagazineantiques.com/wp-content/uploads/2020/01/IMG_0011c.jpg,"""Revisiting Rufus Porter"" by  Suzanne Rudnick Payne AND Michael R. Payne","Westwood, MA","<b>E.A. West House</b><br>Traditionally attributed to Rufus Porter and Stephen Twombly Porter<br>Circa 1838<br><img src='https://www.themagazineantiques.com/wp-content/uploads/2020/01/IMG_0011c.jpg', width = '200'><br><small>Image from ""Revisiting Rufus Porter"" by  Suzanne Rudnick Payne AND Michael R. Payne</small>",rp_mural,RP,42.2138920490288,-71.2208368387199,"c(42.2138920490288, -71.2208368387199)"
Storer Ware House,Westwood,MA,1838,Rufus Porter and Stephen Twombly Porter,mural,tradition,NA,NA,"Westwood, MA","<b>Storer Ware House</b><br>Traditionally attributed to Rufus Porter and Stephen Twombly Porter<br>Circa 1838<br><img src='NA', width = '200'><br><small>Image from NA</small>",rp_mural,RP,42.2169248813302,-71.2221563734271,"c(42.2169248813302, -71.2221563734271)"
Robert C. Bruce House,Farmington,ME,1830,Jonathan D. Poor and Paine,mural,tradition,NA,NA,"Farmington, ME","<b>Robert C. Bruce House</b><br>Traditionally attributed to Jonathan D. Poor and Paine<br>Circa 1830<br><img src='NA', width = '200'><br><small>Image from NA</small>",jdp,JDP,44.6741172974582,-70.1571764996175,"c(44.6741172974582, -70.1571764996175)"
Robert C. Bruce House,New Sharon,ME,1840,Jonathan D. Poor,mural,tradition,NA,NA,"New Sharon, ME","<b>Robert C. Bruce House</b><br>Traditionally attributed to Jonathan D. Poor<br>Circa 1840<br><img src='NA', width = '200'><br><small>Image from NA</small>",jdp,JDP,44.6430129621258,-70.0094398140861,"c(44.6430129621258, -70.0094398140861)"
William A. Potter House,Harvard,MA,1830,Porter School,mural,Lipman,https://docs.google.com/drawings/d/e/2PACX-1vSQtXJCslXi8J2Vm38lPXoClxevLVtR3t9p4B3f5qswvytUOVFRsyIdX_vKdrNnsP-VL5yH9h0uQnzp/pub?w=960&h=720,<em>Folk Art Murals of the Rufus Porter School </em> by Linda Carter Lefko and Jane E. Radcliffe,"Harvard, MA","<b>William A. Potter House</b><br>Attributed to Porter School by Jean Lipman<br>Circa 1830<br><img src='https://docs.google.com/drawings/d/e/2PACX-1vSQtXJCslXi8J2Vm38lPXoClxevLVtR3t9p4B3f5qswvytUOVFRsyIdX_vKdrNnsP-VL5yH9h0uQnzp/pub?w=960&h=720', width = '200'><br><small>Image from <em>Folk Art Murals of the Rufus Porter School </em> by Linda Carter Lefko and Jane E. Radcliffe</small>",school,school,42.4980393363649,-71.5739250724946,"c(42.4980393363649, -71.5739250724946)"
Lorenzo Norton House,East Baldwin,ME,1840,Jonathan D. Poor,mural,signed,http://s3.amazonaws.com/afanews_articles/01019/FIG-2b_-stitch_new.png,"""Rediscovering the Murals of Jonathan D. Poor"" by Jane E. Radcliffe","East Baldwin, ME","<b>Lorenzo Norton House</b><br>Signed by Jonathan D. Poor<br>Circa 1840<br><img src='http://s3.amazonaws.com/afanews_articles/01019/FIG-2b_-stitch_new.png', width = '200'><br><small>Image from ""Rediscovering the Murals of Jonathan D. Poor"" by Jane E. Radcliffe</small>",jdp,JDP,43.8086374173946,-70.6878357258626,"c(43.8086374173946, -70.6878357258626)"
Curtis M. Sweat House,North Parsonfield,ME,1830,Jonathan D. Poor and Paine,mural,signed,https://docs.google.com/drawings/d/e/2PACX-1vSrg7rgEhMR1bB8PmqRtlmqnsi5FdJwmaBmNZPs-iJ5MXO7lgQJ_Q2lfXEOfbGdqV3xHgjq_Nz0ey0P/pub?w=960&h=720,<em>Rufus Porter: Rediscovered</em> by Jean Lipman,"North Parsonfield, ME","<b>Curtis M. Sweat House</b><br>Signed by Jonathan D. Poor and Paine<br>Circa 1830<br><img src='https://docs.google.com/drawings/d/e/2PACX-1vSrg7rgEhMR1bB8PmqRtlmqnsi5FdJwmaBmNZPs-iJ5MXO7lgQJ_Q2lfXEOfbGdqV3xHgjq_Nz0ey0P/pub?w=960&h=720', width = '200'><br><small>Image from <em>Rufus Porter: Rediscovered</em> by Jean Lipman</small>",jdp,JDP,43.7541652978437,-70.9099619968839,"c(43.7541652978437, -70.9099619968839)"
Barker House,North Leeds,ME,1835,Porter School,mural,Lefko,https://docs.google.com/drawings/d/e/2PACX-1vRrbA5PGqz3UB3TmGcf4Pvz82a26LO9Wy5jtCgSn0JmDS51d-ADNBmTCTGXjCXec1FE89HcCfiVh8IB/pub?w=960&h=720,<em>Folk Art Murals of the Rufus Porter School </em> by Linda Carter Lefko and Jane E. Radcliffe,"North Leeds, ME","<b>Barker House</b><br>Attributed to Porter School by Linda Carter Lefko and Jane E. Radcliffe<br>Circa 1835<br><img src='https://docs.google.com/drawings/d/e/2PACX-1vRrbA5PGqz3UB3TmGcf4Pvz82a26LO9Wy5jtCgSn0JmDS51d-ADNBmTCTGXjCXec1FE89HcCfiVh8IB/pub?w=960&h=720', width = '200'><br><small>Image from <em>Folk Art Murals of the Rufus Porter School </em> by Linda Carter Lefko and Jane E. Radcliffe</small>",school,school,44.3401120135611,-70.1421531038632,"c(44.3401120135611, -70.1421531038632)"
Perley House,Naples,ME,1830,Porter School,mural,Lefko,https://docs.google.com/drawings/d/e/2PACX-1vSUiR_rIUjjPjQhD_MYHeQ6FnDPuOE032GbiDs76bZ1SV40T1ebC6Lx5d0VyJrp9icHt1LIgIKQGBKw/pub?w=960&h=720,<em>Folk Art Murals of the Rufus Porter School </em> by Linda Carter Lefko and Jane E. Radcliffe,"Naples, ME","<b>Perley House</b><br>Attributed to Porter School by Linda Carter Lefko and Jane E. Radcliffe<br>Circa 1830<br><img src='https://docs.google.com/drawings/d/e/2PACX-1vSUiR_rIUjjPjQhD_MYHeQ6FnDPuOE032GbiDs76bZ1SV40T1ebC6Lx5d0VyJrp9icHt1LIgIKQGBKw/pub?w=960&h=720', width = '200'><br><small>Image from <em>Folk Art Murals of the Rufus Porter School </em> by Linda Carter Lefko and Jane E. Radcliffe</small>",school,school,43.9872302981314,-70.6313400581797,"c(43.9872302981314, -70.6313400581797)"
Tobias Ricker House,Buckfield,ME,1835,Porter School,mural,Lefko,https://docs.google.com/drawings/d/e/2PACX-1vSJcaaYu1qPqLXUloWig7-alVRkRuPhV4PGufLD8Ferg3aAmHjv4yGW4gFF0_Sx9LsWbv5cs01f1Riq/pub?w=960&h=720,<em>Folk Art Murals of the Rufus Porter School </em> by Linda Carter Lefko and Jane E. Radcliffe,"Buckfield, ME","<b>Tobias Ricker House</b><br>Attributed to Porter School by Linda Carter Lefko and Jane E. Radcliffe<br>Circa 1835<br><img src='https://docs.google.com/drawings/d/e/2PACX-1vSJcaaYu1qPqLXUloWig7-alVRkRuPhV4PGufLD8Ferg3aAmHjv4yGW4gFF0_Sx9LsWbv5cs01f1Riq/pub?w=960&h=720', width = '200'><br><small>Image from <em>Folk Art Murals of the Rufus Porter School </em> by Linda Carter Lefko and Jane E. Radcliffe</small>",school,school,44.2907203472501,-70.3527598628493,"c(44.2907203472501, -70.3527598628493)"
